id,title,url,text,teacher,day,unit,content
10260053000,"○美学概論（１）
Introduction to Aesthetics (1)",https://syllabus.doshisha.ac.jp/html/2024/0260/10260053000.html,美学という学問の根本を形成しているカントとシラーの学説を学ぶ。,['森田\u3000團'],"(木曜日4講時)
面接/Face-to-face","10260053 
○美学概論（１）
Introduction to Aesthetics (1)
2単位/Unit  春学期/Spring  今出川/Imadegawa  講義/Lecture","実施時期
/Week 授業回/Number of Lesson 授業実施方法
/How to conduct a Lesson 授業実施時間数
/Class Hours
内容/Contents
授業時間外の学習/Assignments
第１週　DO Week
1 オンデマンド（動画視聴）/On-demand(watching video)
90 分/min
はじめに――美学という学問の由来
授業内容を復習するとともに指示された参考文献を確認する。
第2週
2 面接/Face-to-face
90 分/min
バウムガルテンの美学
バウムガルテンの『美学』の当該箇所を熟読する。
第3週
3 面接/Face-to-face
90 分/min
カント『純粋理性批判』の概要 1
『純粋理性批判』の講義で話題になった箇所を，指示された参考文献を参照しながら，熟読する。
第4週
4 面接/Face-to-face
90 分/min
カント『純粋理性批判』の概要 2
『純粋理性批判』の講義で話題になった箇所を，指示された参考文献を参照しながら，熟読する。
第5週
5 面接/Face-to-face
90 分/min
カント『実践理性批判』の概要
『実践理性批判』の講義で話題になった箇所を，指示された参考文献を参照しながら，熟読する。
第6週
6 面接/Face-to-face
90 分/min
カント『判断力批判』の問題設定
『判断力批判』の講義で話題になった箇所を，指示された参考文献を参照しながら，熟読する。
第7週
7 面接/Face-to-face
90 分/min
『判断力批判』における美の概念 1
『判断力批判』の講義で話題になった箇所を，指示された参考文献を参照しながら，熟読する。
第8週
8 面接/Face-to-face
90 分/min
『判断力批判』における美の概念 2
『判断力批判』の講義で話題になった箇所を，指示された参考文献を参照しながら，熟読する。
第9週
9 面接/Face-to-face
90 分/min
『判断力批判』における美の概念 3
『判断力批判』の講義で話題になった箇所を，指示された参考文献を参照しながら，熟読する。
第10週
10 面接/Face-to-face
90 分/min
『判断力批判』における崇高の概念
『判断力批判』の講義で話題になった箇所を，指示された参考文献を参照しながら，熟読する。
第11週
11 面接/Face-to-face
90 分/min
『判断力批判』における天才の概念
『判断力批判』の講義で話題になった箇所を，指示された参考文献を参照しながら，熟読する。
第12週
12 面接/Face-to-face
90 分/min
シラーにおける美の概念
シラーの『カリアス書簡』ならびに『人間の美的教育について』をめぐる講義内容を確認しながら，当該箇所を熟読する。
第13週
13 面接/Face-to-face
90 分/min
シラーにおける美的教育の理念
シラーの『カリアス書簡』ならびに『人間の美的教育について』をめぐる講義内容を確認しながら，当該箇所を熟読する。
第14週
14 面接/Face-to-face
90 分/min
シラーにおける優美と崇高の概念
シラーの『カリアス書簡』ならびに『人間の美的教育について』をめぐる講義内容，ならびに「崇高について」を確認しながら，当該箇所を熟読する。
授業期間終了後/After the Class Period
15 オンデマンド（動画視聴）/On-demand(watching video)
90 分/min
各回の質問に答える。また質問に基づいて講義内容の補足解説を行う。
各回の資料とノートを参照しながら，あらためて各回の内容を確認する。"
10260054000,"△美学概論（２）
Introduction to Aesthetics (2)",https://syllabus.doshisha.ac.jp/html/2024/0260/10260054000.html,ドイツ観念論の美学とその19世紀後半における展開を学ぶ。,['森田\u3000團'],"(木曜日4講時)
面接/Face-to-face","10260054 
△美学概論（２）
Introduction to Aesthetics (2)
2単位/Unit  秋学期/Fall  今出川/Imadegawa  講義/Lecture","実施時期
/Week 授業回/Number of Lesson 授業実施方法
/How to conduct a Lesson 授業実施時間数
/Class Hours
内容/Contents
授業時間外の学習/Assignments
第１週　DO Week
1 オンデマンド（動画視聴）/On-demand(watching video)
90 分/min
はじめに――美学と芸術哲学
美学を学びはじめるにあたっての重要事項の確認。
第2週
2 面接/Face-to-face
90 分/min
ヴィンケルマンとギリシア人の模倣
授業内容を配布された資料をもとに復習する。
第3週
3 面接/Face-to-face
90 分/min
シェリングの芸術哲学１
授業内容を配布された資料をもとに復習する。
第4週
4 面接/Face-to-face
90 分/min
シェリングの芸術哲学２
授業内容を配布された資料をもとに復習する。
第5週
5 面接/Face-to-face
90 分/min
シェリングの芸術哲学３
授業内容を配布された資料をもとに復習する。
第6週
6 面接/Face-to-face
90 分/min
ヘーゲルの美学１
授業内容を配布された資料をもとに復習する。
第7週
7 面接/Face-to-face
90 分/min
ヘーゲルの美学２
授業内容を配布された資料をもとに復習する。
第8週
8 面接/Face-to-face
90 分/min
ヘーゲルの美学３
授業内容を配布された資料をもとに復習する。
第9週
9 面接/Face-to-face
90 分/min
ヘーゲルの美学４
授業内容を配布された資料をもとに復習する。
第10週
10 面接/Face-to-face
90 分/min
ゾルガーの美学１
授業内容を配布された資料をもとに復習する。
第11週
11 面接/Face-to-face
90 分/min
ゾルガーの美学２
授業内容を配布された資料をもとに復習する。
第12週
12 面接/Face-to-face
90 分/min
ゾルガーの美学３
授業内容を配布された資料をもとに復習する。
第13週
13 面接/Face-to-face
90 分/min
ニーチェにおける美と芸術 1
授業内容を配布された資料をもとに復習する。
第14週
14 面接/Face-to-face
90 分/min
ニーチェにおける美と芸術 2
授業内容を配布された資料をもとに復習する。
授業期間終了後/After the Class Period
15 オンデマンド（動画視聴）/On-demand(watching video)
90 分/min
各回の質問に答える。また質問に基づき講義内容の補足解説を行う。
各回資料とノートを参照しながら，質問回答動画をもとに疑問点を解決する。"
10260061000,"○芸術学概論（１）(ヴィジュアル・リテラシー入門)
Introduction to Art Theory (1) (Introduction to Visual Literacy)",https://syllabus.doshisha.ac.jp/html/2024/0260/10260061000.html,"私たちは，日頃，雑誌やテレビ，インターネットなどで，さまざまな視覚的イメージに接触し，それらから情報を得ている。では，私たちはどのようにして，イメージから意味を読み取っているのだろう。
本講義では，視覚的イメージをコミュニケーションのためのメディアと考え，ヴィジュアル・リテラシー（視覚的な読み書き能力）について理解を深めることを目標とする。扱う対象は，絵画，映画，マンガとさまざまなメディアにわたるが，それらが意味をどのように作り上げているのか，どのように伝えているのか，そういったメカニズムについて理解を深めていきたい。
さらに，そのような理解の上で，近代における芸術という制度の成立や変容を幅広く見ていくことによって，芸術と歴史・社会との関わりを再考する。絵画やデザイン，さらには音楽におけるモダニズム（近代主義）の確立と変容を通じて，私たちが今日受容している芸術というものがどのような歴史的，思想的プロセスを経て成立してきたのかを問いたい。",['佐藤\u3000守弘'],"(月曜日4講時)
面接/Face-to-face","10260061 
○芸術学概論（１） (ヴィジュアル・リテラシー入門)
Introduction to Art Theory (1) -Introduction to Visual Literacy-
2単位/Unit  春学期/Spring  今出川/Imadegawa  講義/Lecture","実施時期
/Week 授業回/Number of Lesson 授業実施方法
/How to conduct a Lesson 授業実施時間数
/Class Hours
内容/Contents
授業時間外の学習/Assignments
第１週　DO Week
1 オンデマンド（動画視聴）/On-demand(watching video)
90 分/min
イントロダクション——「芸術」＝“Art”？
下記の講義情報ウェブサイト（https://satow-morihiro.hatenablog.com/
）を使って，予習・復習を必ずしてください。
第2週
2 面接/Face-to-face
90 分/min
ヴィジュアル・リテラシーとは——「見る」ことと「分かる」こと
同上
第3週
3 面接/Face-to-face
90 分/min
コミュニケーション・メディアとしての視覚的イメージ——交通標識の単語／文法
同上
第4週
4 面接/Face-to-face
90 分/min
マンガのヴィジュアル・リテラシー1——イメージとテクスト
同上
第5週
5 面接/Face-to-face
90 分/min
マンガのヴィジュアル・リテラシー2——コマの統語法
同上
第6週
6 面接/Face-to-face
90 分/min
物語映画の文法——ショットとモンタージュ
同上
第7週
7 面接/Face-to-face
90 分/min
初期映画——驚きとアトラクション
同上
第8週
8 面接/Face-to-face
90 分/min
遠近法と写真——世界の捉え方
同上
第9週
9 面接/Face-to-face
90 分/min
絵を「読む」—— 絵画と意味
同上
第10週
10 面接/Face-to-face
90 分/min
絵画の内容・絵画の形式——「何」を「どのよう」に描くのか
同上
第11週
11 面接/Face-to-face
90 分/min
西洋絵画における近代性——「意味」からの脱却
同上
第12週
12 面接/Face-to-face
90 分/min
絵画のモダニズム——「主体」と「表現」の神話
同上
第13週
13 面接/Face-to-face
90 分/min
音楽における近代性——モダン・ジャズはどのように「近代的」なのか
同上
第14週
14 面接/Face-to-face
90 分/min
デザイン／ファッション／建築のモダニズム——機能と形態
同上
授業期間終了後/After the Class Period
15 オンデマンド（動画視聴）/On-demand(watching video)
90 分/min
振り返りとまとめ
同上"
10260062000,"△芸術学概論（２）
Introduction to Art Theory (2)",https://syllabus.doshisha.ac.jp/html/2024/0260/10260062000.html,18世紀半ば以降の西洋美術について概観しながら，同時代の趣味や芸術思潮について紹介して行きます。18世紀はフランスにおける市民革命によって幕を下ろしますが，それは同時に政教分離によってヨーロッパに「芸術崇拝」の歴史が始まったことを意味しました。美学，美術史そして芸術学もこうした潮流の中で生まれた学問です。われわれが今日抱いている西洋古典古代に対する価値観も主にこの時代に形成されました。ナポレオン戦争後，王政復古があった後の19世紀は，資本主義経済が進展する中で，崇拝された「芸術」は徐々に「商品」と化して行きます。また科学の進歩は，化学の分野では，絵具や染織に嘗てない豊かさと耐久性をもたらし，最終的には写真や映画の発明へとつながりました。医学や生理学の分野の進歩は，知覚に関する認識の根本的な変更を迫り，最終的には「無意識」の発見へと結びついて行きました。こうした動向を，同時代の美術表現と照らし合わせながら紹介して行きます。,['越前\u3000俊也'],"(金曜日1講時)
面接/Face-to-face","10260062 
△芸術学概論（２）
Introduction to Art Theory (2)
2単位/Unit  秋学期/Fall  今出川/Imadegawa  講義/Lecture","実施時期
/Week 授業回/Number of Lesson 授業実施方法
/How to conduct a Lesson 授業実施時間数
/Class Hours
内容/Contents
授業時間外の学習/Assignments
第１週　DO Week
1 オンデマンド（動画視聴）/On-demand(watching video)
30 分/min
オリエンテーション
復習
第１週　DO Week
1 オンデマンド（授業内課題）/On-demand(assignment in class)
60 分/min
オリエンテーション
復習
第2週
2 面接/Face-to-face
90 分/min
18世紀の世界情勢と美術史学の誕生
予習復習
第3週
3 面接/Face-to-face
90 分/min
フランス革命/ナポレオンと新古典主義
同上
第4週
4 面接/Face-to-face
90 分/min
美学成立の背景とゲーテの色彩論
同上
第5週
5 面接/Face-to-face
90 分/min
王政復古期とロマン主義の台頭
同上
第6週
6 面接/Face-to-face
90 分/min
色彩科学の発達
同上
第7週
7 面接/Face-to-face
90 分/min
写真前史／写真小史
同上
第8週
8 面接/Face-to-face
90 分/min
第二帝政期のパリ
同上
第9週
9 面接/Face-to-face
90 分/min
異国趣味：第三共和制と植民地拡大政策
同上
第10週
10 面接/Face-to-face
90 分/min
大脳生理学と視覚認識の進展
同上
第11週
11 面接/Face-to-face
90 分/min
後期印象派
同上
第12週
12 面接/Face-to-face
90 分/min
世紀末ウィーン
同上
第13週
13 面接/Face-to-face
90 分/min
アヴァンギャルドの色彩
同上
第14週
14 面接/Face-to-face
90 分/min
抽象表現主義の色彩
同上
授業期間終了後/After the Class Period
15 オンデマンド（動画視聴）/On-demand(watching video)
30 分/min
まとめ
同上
授業期間終了後/After the Class Period
15 オンデマンド（授業内課題）/On-demand(assignment in class)
60 分/min
まとめ
同上"
10260063000,"○西洋美術史概説（１）
Introduction to the History of Western Art (1)",https://syllabus.doshisha.ac.jp/html/2024/0260/10260063000.html,"・西洋美術史の流れをギリシャ・ローマの古典古代からバロックまで概観します。
・画像中心のパワーポイントを見ながら解説する形式で行います。また，補足資料への短文コメント提出等を授業外課題とします。
・美術史学では非言語的な視覚芸術を対象としながらも，言語を用いて記述・分析しなければなりません。そのため，作品そのものに親しむことに加えて，様式の違いや多様な主題について表現するための用語，歴史的な背景や関連する文学作品等にも触れます。",['吉田\u3000朋子'],"(月曜日3講時)
面接/Face-to-face","10260063 
○西洋美術史概説（１）
Introduction to the History of Western Art (1)
2単位/Unit  春学期/Spring  今出川/Imadegawa  講義/Lecture","実施時期
/Week 授業回/Number of Lesson 授業実施方法
/How to conduct a Lesson 授業実施時間数
/Class Hours
内容/Contents
授業時間外の学習/Assignments
第１週　DO Week
第1回 オンデマンド（動画視聴）/On-demand(watching video)
90 分/min
イントロダクションとエーゲ海の文明
補足資料を読み，短文コメントを提出
第2週
第2回 面接/Face-to-face
90 分/min
ギリシャ美術
補足資料を読み，短文コメントを提出
第3週
第3回 オンデマンド（動画視聴）/On-demand(watching video)
90 分/min
ローマ美術と初期キリスト教美術
補足資料を読み，短文コメントを提出
第4週
第4回 面接/Face-to-face
90 分/min
ビザンティン美術
補足資料を読み，短文コメントを提出
第5週
第5回 面接/Face-to-face
90 分/min
初期中世美術
補足資料を読み，短文コメントを提出
第6週
第6回 面接/Face-to-face
90 分/min
ロマネスク美術
補足資料を読み，短文コメントを提出
第7週
第7回 面接/Face-to-face
90 分/min
ゴシック美術
補足資料を読み，短文コメントを提出
第8週
第8回 面接/Face-to-face
90 分/min
15世紀イタリア美術
補足資料を読み，短文コメントを提出
第9週
第9回 面接/Face-to-face
90 分/min
15世紀北方美術
補足資料を読み，短文コメントを提出
第10週
第10回 面接/Face-to-face
90 分/min
16世紀イタリア美術
補足資料を読み，短文コメントを提出
第11週
第11回 面接/Face-to-face
90 分/min
16世紀北方美術
補足資料を読み，短文コメントを提出
第12週
第12回 面接/Face-to-face
90 分/min
イタリアのバロック美術
補足資料を読み，短文コメントを提出
第13週
第13回 面接/Face-to-face
90 分/min
フランドル・オランダのバロック美術
補足資料を読み，短文コメントを提出
第14週
第14回 面接/Face-to-face
90 分/min
スペイン・フランスのバロック美術
補足資料を読み，短文コメントを提出
授業期間終了後/After the Class Period
第15回 オンデマンド（動画視聴）/On-demand(watching video)
90 分/min
まとめと補足
科目全体とレポートを振り返る。"
10260064000,"△西洋美術史概説（２）
Introduction to the History of Western Art (2)",https://syllabus.doshisha.ac.jp/html/2024/0260/10260064000.html,"西洋美術史概説（2）では17世紀から20世紀に至るヨーロッパ近代美術を扱います。西欧世界では18世紀の後半から，それまでの世界観や価値観を一変させる大変動が生じ，芸術もそのあり方を大きく変化させました。そうした変化は作品の主題や様式，そして作品の受容に現れ，新たな美や価値観を備えた近代美術を生み出しました。本講義では主題，またそれに関与する思想や美学，そして技法を含め，社会との関わりの中で，近代から20世紀半ばまでの美術の特質を理解することを目指します。
講義の際には画像資料を使用し，レジュメを配布します。",['前田\u3000朋美'],"(月曜日3講時)
面接/Face-to-face","10260064 
△西洋美術史概説（２）
Introduction to the History of Western Art (2)
2単位/Unit  秋学期/Fall  今出川/Imadegawa  講義/Lecture","実施時期
/Week 授業回/Number of Lesson 授業実施方法
/How to conduct a Lesson 授業実施時間数
/Class Hours
内容/Contents
授業時間外の学習/Assignments
第１週　DO Week
1 オンデマンド（動画視聴）/On-demand(watching video)
90 分/min
バロック美術(オランダ)とロココ
参考図書などを読み，講義内容の理解を深めて下さい。また芸術作品を目にする機会を作るよう努力して下さい。
第2週
2 面接/Face-to-face
90 分/min
近代美術への案内と歴史的背景
参考図書などを読み，講義内容の理解を深めて下さい。また芸術作品を目にする機会を作るよう努力して下さい。
第3週
3 面接/Face-to-face
90 分/min
新古典主義
参考図書などを読み，講義内容の理解を深めて下さい。また芸術作品を目にする機会を作るよう努力して下さい。
第4週
4 面接/Face-to-face
90 分/min
ロマン主義
参考図書などを読み，講義内容の理解を深めて下さい。また芸術作品を目にする機会を作るよう努力して下さい。
第5週
5 面接/Face-to-face
90 分/min
レアリスム
参考図書などを読み，講義内容の理解を深めて下さい。また芸術作品を目にする機会を作るよう努力して下さい。
第6週
6 面接/Face-to-face
90 分/min
印象派
参考図書などを読み，講義内容の理解を深めて下さい。また芸術作品を目にする機会を作るよう努力して下さい。
第7週
7 面接/Face-to-face
90 分/min
後期印象派
復習
第8週
8 オンデマンド（動画視聴）/On-demand(watching video)
90 分/min
綜合主義，ナビ派
参考図書などを読み，講義内容の理解を深めて下さい。また芸術作品を目にする機会を作るよう努力して下さい。
第8週
9 面接/Face-to-face
90 分/min
象徴主義，世紀末ウィーン
参考図書などを読み，講義内容の理解を深めて下さい。また芸術作品を目にする機会を作るよう努力して下さい。
第9週
10 面接/Face-to-face
90 分/min
ドイツ表現主義：「ブリュッケ」と「青騎士」
参考図書などを読み，講義内容の理解を深めて下さい。また芸術作品を目にする機会を作るよう努力して下さい。
第10週
11 面接/Face-to-face
90 分/min
フォーヴィスム
参考図書などを読み，講義内容の理解を深めて下さい。また芸術作品を目にする機会を作るよう努力して下さい。
第11週
12 面接/Face-to-face
90 分/min
キュビスム
参考図書などを読み，講義内容の理解を深めて下さい。また芸術作品を目にする機会を作るよう努力して下さい。
第12週
13 面接/Face-to-face
90 分/min
未来派，抽象絵画の誕生
参考図書などを読み，講義内容の理解を深めて下さい。また芸術作品を目にする機会を作るよう努力して下さい。
第13週
14 面接/Face-to-face
90 分/min
ダダ，シュルレアリスム
参考図書などを読み，講義内容の理解を深めて下さい。また芸術作品を目にする機会を作るよう努力して下さい。
第14週
15 面接/Face-to-face
90 分/min
デ・スティル，バウハウス
参考図書などを読み，講義内容の理解を深めて下さい。また芸術作品を目にする機会を作るよう努力して下さい。"
10260065000,"○日本美術史概説（１）
Introduction to the History of Japanese Art (1)",https://syllabus.doshisha.ac.jp/html/2024/0260/10260065000.html,現存する美術作品を通して，日本東洋の歴史を考察する美術史学の方法を学ぶ。今年のテーマは「絵を読む」,['加須屋\u3000誠'],"(木曜日2講時)
面接/Face-to-face","10260065 
○日本美術史概説（１）
Introduction to the History of Japanese Art (1)
2単位/Unit  春学期/Spring  今出川/Imadegawa  講義/Lecture","実施時期
/Week 授業回/Number of Lesson 授業実施方法
/How to conduct a Lesson 授業実施時間数
/Class Hours
内容/Contents
授業時間外の学習/Assignments
第１週　DO Week
1回 オンデマンド（動画視聴）/On-demand(watching video)
90 分/min
はじめに～ガイダンス
事前学習課題：日本美術とはなにか，事後学習課題：授業の諸注意を再確認
第2週
2回 面接/Face-to-face
90 分/min
イントロダクション
事前学習課題：日本絵画の流れ，事後学習：参考図書等を用いて左記のテーマを再確認
第3週
3回 面接/Face-to-face
90 分/min
飛鳥奈良時代の美術
事前学習課題：法隆寺金堂壁画，事後学習：参考図書等を用いて左記のテーマを再確認
第4週
4回 面接/Face-to-face
90 分/min
平安時代の美術（1）
事前学習課題：伝真言院曼荼羅，事後学習：参考図書等を用いて左記のテーマを再確認
第5週
5回 面接/Face-to-face
90 分/min
平安時代の美術（2）
事前学習課題：京博十二天画像，事後学習：参考図書等を用いて左記のテーマを再確認
第6週
6回 面接/Face-to-face
90 分/min
平安時代の美術（3）
事前学習課題：信貴山縁起絵巻，事後学習：参考図書等を用いて左記のテーマを再確認
第7週
7回 面接/Face-to-face
90 分/min
平安時代の美術（4）
事前学習課題：伴大納言絵詞，事後学習：参考図書等を用いて左記のテーマを再確認
第8週
8回 面接/Face-to-face
90 分/min
平安時代の美術（5）
事前学習課題：応徳涅槃図，事後学習：参考図書等を用いて左記のテーマを再確認
第9週
9回 面接/Face-to-face
90 分/min
平安時代の美術（6）
事前学習課題：病草紙，事後学習：参考図書等を用いて左記のテーマを再確認）
第10週
10回 面接/Face-to-face
90 分/min
鎌倉時代の美術（1）
事前学習課題：二河白道図，事後学習：参考図書等を用いて左記のテーマを再確認
第11週
11回 面接/Face-to-face
90 分/min
鎌倉時代の美術（2）
事前学習課題：聖衆来迎寺本六道絵，事後学習：参考図書等を用いて左記のテーマを再確認
第12週
12回 面接/Face-to-face
90 分/min
鎌倉時代の美術（3）
事前学習課題：伝源頼朝像，事後学習：参考図書等を用いて左記のテーマを再確認
第13週
13回 面接/Face-to-face
90 分/min
鎌倉時代の美術（4）
事前学習課題：法然上人絵伝，事後学習：参考図書等を用いて左記のテーマを再確認
第14週
14回 面接/Face-to-face
90 分/min
鎌倉時代の美術（5）
事前学習課題：一遍聖絵，事後学習：参考図書等を用いて左記のテーマを再確認
授業期間終了後/After the Class Period
15回 オンデマンド（動画視聴）/On-demand(watching video)
90 分/min
まとめ～これまでの復習と今後への展望
事前学習課題：これまでの講義内容を振り替える，事後学習：参考図書等を用いて左記のテーマを再確認"
10260066000,"△日本美術史概説（２）
Introduction to the History of Japanese Art (2)",https://syllabus.doshisha.ac.jp/html/2024/0260/10260066000.html,本講義は日本美術，特に絵画の変化・発展を，東アジア文化の中心であった中国との関係から概観する。中国文化の摂取時期は，古代から平安前期，鎌倉・室町時代，江戸後期と，大きく3期に分けられる。それぞれの具体的作品の比較検討から，摂取の様態の質的相違を検討し，日本美術の多様な展開を考える。,['河野\u3000道房'],"(月曜日4講時)
面接/Face-to-face","10260066 
△日本美術史概説（２）
Introduction to the History of Japanese Art (2)
2単位/Unit  秋学期/Fall  今出川/Imadegawa  講義/Lecture","実施時期
/Week 授業回/Number of Lesson 授業実施方法
/How to conduct a Lesson 授業実施時間数
/Class Hours
内容/Contents
授業時間外の学習/Assignments
第１週　DO Week
1 オンデマンド（動画視聴）/On-demand(watching video)
90 分/min
はじめに　「日本」とは何か：ヤマト，倭，大和と日本
復習
第2週
2 面接/Face-to-face
90 分/min
古代０　大陸文化受容の三期，飛鳥時代の区分
参考文献通読・自主見学
第3週
3 面接/Face-to-face
90 分/min
古代１　飛鳥美術と魏晋南北朝美術　飛鳥文化の特質　藤ノ木古墳
参考文献通読・自主見学
第4週
4 面接/Face-to-face
90 分/min
古代２　遣隋使・遣唐使（概略）　飛鳥美術と法隆寺：釈迦三尊・玉虫厨子
参考文献通読・自主見学
第5週
5 面接/Face-to-face
90 分/min
古代３　飛鳥・白鳳美術と北朝・隋代美術　天寿国繍帳　遣唐使派遣の目的とその推移
参考文献通読・自主見学
第6週
6 面接/Face-to-face
90 分/min
古代４　古墳壁画　日本，中国，朝鮮半島：高松塚，キトラ古墳壁画　白鳳期の美術　　中間評価１
参考文献通読・自主見学
第7週
7 面接/Face-to-face
90 分/min
古代５　遣唐使　唐代美術と正倉院
参考文献通読・自主見学
第8週
8 面接/Face-to-face
90 分/min
古代６　唐絵と倭絵，院政期の絵画
参考文献通読・自主見学
第9週
9 面接/Face-to-face
90 分/min
中世１　鎌倉・室町絵画と宋・元・明
参考文献通読・自主見学
第10週
10 面接/Face-to-face
90 分/min
中世２　日宋元明貿易，伝統的絵画と水墨画，禅宗絵画
参考文献通読・自主見学
第11週
11 面接/Face-to-face
90 分/min
中世３　室町山水画と宋代山水画
参考文献通読・自主見学
第12週
12 面接/Face-to-face
90 分/min
近世１　桃山時代と江戸初期の絵画：狩野派の展開　中間評価2
参考文献通読・自主見学
第13週
13 面接/Face-to-face
90 分/min
近世２　長崎派：近世後期画壇のルーツ
参考文献通読・自主見学
第14週
14 面接/Face-to-face
90 分/min
近世３　文人画：日本と中国
参考文献通読・自主見学
授業期間終了後/After the Class Period
15 オンデマンド（授業内課題）/On-demand(assignment in class)
90 分/min
授業総括，まとめ
参考文献通読・自主見学"
10260071000,"○芸術学特論（１）(視覚文化とメディア)
Topics in Art Theory (1) (Visual Culture and Media)",https://syllabus.doshisha.ac.jp/html/2024/0260/10260071000.html,本講義では，視覚文化論（ヴィジュアル・カルチャー・スタディーズ）という研究分野を概観する。「視覚文化」には，いわゆる美術のほか，写真，映画，テレビ，広告，マンガ，ファッション等，幅広い対象が含まれる。私たちはこうした視覚的イメージを，どのようにして見，どのようにして理解しているのだろうか。私たちを取り巻くこうした視覚文化の数々を読み解くための方法を，まずは現代におけるさまざまな文化理論を紹介した上で，広告などを例として考察する。さらに現代の視覚文化の基礎となる19世紀における視覚の変容を追っていく。,['佐藤\u3000守弘'],"(月曜日5講時)
面接/Face-to-face","10260071 
○芸術学特論（１） (視覚文化とメディア)
Topics in Art Theory (1) -Visual Culture and Media-
2単位/Unit  春学期/Spring  今出川/Imadegawa  講義/Lecture","実施時期
/Week 授業回/Number of Lesson 授業実施方法
/How to conduct a Lesson 授業実施時間数
/Class Hours
内容/Contents
授業時間外の学習/Assignments
第１週　DO Week
1 オンデマンド（動画視聴）/On-demand(watching video)
90 分/min
イントロダクション：視覚文化とはなにか
下記の講義情報ウェブサイト（https://satow-morihiro.hatenablog.com/
）を使って，予習・復習を必ずしてください。
第2週
2 面接/Face-to-face
90 分/min
「文化」とは一体何なのか：文化概念の変容
同上
第3週
3 面接/Face-to-face
90 分/min
ストリート・カルチャーから「文化」を考える
同上
第4週
4 面接/Face-to-face
90 分/min
メディウムとメディア：文化と媒介
同上
第5週
5 面接/Face-to-face
90 分/min
記号と表象：意味とコンテクスト
同上
第6週
6 面接/Face-to-face
90 分/min
視覚的イメージのメディア的諸機能
同上
第7週
7 面接/Face-to-face
90 分/min
広告の記号論：外示と共示
同上
第8週
8 面接/Face-to-face
90 分/min
広告の視覚文化論：欲望を創造する装置
同上
第9週
9 面接/Face-to-face
90 分/min
CM映像のレトリック：切り返しと主観ショット
同上
第10週
10 面接/Face-to-face
90 分/min
視線／まなざしと監視
同上
第11週
11 面接/Face-to-face
90 分/min
19世紀の視覚文化：視覚遊具からパノラマへ
同上
第12週
12 面接/Face-to-face
90 分/min
万国博覧会と近代的視覚
同上
第13週
13 面接/Face-to-face
90 分/min
写真・観光・博覧会：世界を視るプロジェクト
同上
第14週
14 面接/Face-to-face
90 分/min
鉄道の視覚文化：パノラマ的風景の誕生
同上
授業期間終了後/After the Class Period
15 オンデマンド（動画視聴）/On-demand(watching video)
90 分/min
振り返りとまとめ
同上"
10260072000,"△芸術学特論（２）(写真と複製技術)
Topics in Art Theory (2) (Photography and Mechanical Reproduction)",https://syllabus.doshisha.ac.jp/html/2024/0260/10260072000.html,1839年に発表された写真術という新たな技術は，人の視覚の様態を根底から覆した。映画，テレビ，コピー，さらにはデジタル・カメラやデジタル・ビデオにいたるまで，全て写真術を応用したものである。本講義では，写真の前史から成立の課程を追い，どのような社会的条件が写真の発明を要請したのか，そしてそれがどのように社会に影響を与えたのかを考えていきたい。次にその歴史を踏まえた上で，写真の理論的な側面にも光を当てていく。写真独特の視覚とは何か，写真は芸術にどのような変化をもたらしたのか，写真は社会をどう変えたのか。そうしたさまざまな疑問を受講生とともに考えていきたい。さらに複製技術，すなわち写真，録音，映画が現代の視覚文化／聴覚文化に及ぼした影響を，さまざまな実例とともに考えていく。,['佐藤\u3000守弘'],"(月曜日5講時)
面接/Face-to-face","10260072 
△芸術学特論（２） (写真と複製技術)
Topics in Art Theory (2) -Photography and Mechanical Reproduction-
2単位/Unit  秋学期/Fall  今出川/Imadegawa  講義/Lecture","実施時期
/Week 授業回/Number of Lesson 授業実施方法
/How to conduct a Lesson 授業実施時間数
/Class Hours
内容/Contents
授業時間外の学習/Assignments
第１週　DO Week
1 オンデマンド（動画視聴）/On-demand(watching video)
90 分/min
イントロダクション：写真と近代性
下記の講義情報ウェブサイト（https://satow-morihiro.hatenablog.com/
）を使って，予習・復習を必ずしてください。
第2週
2 面接/Face-to-face
90 分/min
幾何学的遠近法とイリュージョン
同上
第3週
3 面接/Face-to-face
90 分/min
遠近法描画装置とカメラ・オブスキュラ
同上
第4週
4 面接/Face-to-face
90 分/min
写真の発明：ニエプスとダゲール
同上
第5週
5 面接/Face-to-face
90 分/min
トルボットと『自然の鉛筆』：複製技術としての写真
同上
第6週
6 面接/Face-to-face
90 分/min
写真の痕跡論：記号論からのアプローチ
同上
第7週
7 面接/Face-to-face
90 分/min
アイコンとインデックスの混合
同上
第8週
8 面接/Face-to-face
90 分/min
痕跡的イメージの系譜：影絵・デスマスク・聖顔布
同上
第9週
9 面接/Face-to-face
90 分/min
ヴァナキュラー写真論：遺影写真を考える
同上
第10週
10 面接/Face-to-face
90 分/min
複製技術と現代社会
同上
第11週
11 面接/Face-to-face
90 分/min
仏像写真：礼拝と展示
同上
第12週
12 面接/Face-to-face
90 分/min
引用・流用・剽窃
同上
第13週
13 面接/Face-to-face
90 分/min
複製技術時代の音楽：ダブ，リミックス，ブレイク・ビーツ
同上
第14週
14 面接/Face-to-face
90 分/min
デジタル写真とネットワーク文化
同上
授業期間終了後/After the Class Period
15 オンデマンド（動画視聴）/On-demand(watching video)
90 分/min
振り返りとまとめ
同上"
10260073000,"○芸術学特論（３）
Topics in Art Theory (3)",https://syllabus.doshisha.ac.jp/html/2024/0260/10260073000.html,国文学・英文学などのように文学が国ごとに分けて研究される現代において，芸術の一ジャンルとして文学（特に詩）を挙げることはますます稀になりつつある。しかし伝統に即して見れば，西洋の詩は古代ギリシアやローマの古典詩学の規範を共有し，その伝統を遵守したりそれに反抗したりしながら，相互に影響しあっていたのであり，あるいはまた絵画の「姉妹技芸」と見なされて「芸術」の中核をになってきたのでもあった。また，和歌に関しても，伝統と革新とのせめぎあいの中，広く美意識の問題と関連してきたことはいうまでもない。この講義では様々な歌論や詩論を読解し，芸術としての詩のあり方について考察していきたい。この授業では特に中世日本の歌論と16-19世紀イギリス詩論の展開を論じるとともに，異文化間に見られる類似性についても指摘する。秋学期の芸術学持論(4)とも内容的に連続性を持つが，連続受講を強いるものではない。,['伊達\u3000立晶'],"(金曜日3講時)
面接/Face-to-face","10260073 
○芸術学特論（３）
Topics in Art Theory (3)
2単位/Unit  春学期/Spring  今出川/Imadegawa  講義/Lecture","実施時期
/Week 授業回/Number of Lesson 授業実施方法
/How to conduct a Lesson 授業実施時間数
/Class Hours
内容/Contents
授業時間外の学習/Assignments
第１週　DO Week
1 オンデマンド（動画視聴）/On-demand(watching video)
90 分/min
導入：artとnatureについて
講義内容を十分に理解するために，適宜，復習すること。
第2週
2 面接/Face-to-face
90 分/min
日本中世歌論の背景と仏教
講義内容を十分に理解するために，適宜，復習すること。
第3週
3 面接/Face-to-face
90 分/min
西行の歌論と真言密教思想
講義内容を十分に理解するために，適宜，復習すること。
第4週
4 面接/Face-to-face
90 分/min
狂言綺語論
講義内容を十分に理解するために，適宜，復習すること。
第5週
5 面接/Face-to-face
90 分/min
藤原俊成の歌論と天台思想
講義内容を十分に理解するために，適宜，復習すること。
第6週
6 面接/Face-to-face
90 分/min
藤原定家の歌論
講義内容を十分に理解するために，適宜，復習すること。
第7週
7 面接/Face-to-face
90 分/min
中世歌論の芸道思想への展開1：
講義内容を十分に理解するために，適宜，復習すること。
第8週
8 面接/Face-to-face
90 分/min
中世歌論の芸道思想への展開2
講義内容を十分に理解するために，適宜，復習すること。
第9週
9 面接/Face-to-face
90 分/min
イギリスの詩論における西洋古典詩学の伝統
講義内容を十分に理解するために，適宜，復習すること。
第10週
10 面接/Face-to-face
90 分/min
ドライデン晩年の詩画論
講義内容を十分に理解するために，適宜，復習すること。
第11週
11 面接/Face-to-face
90 分/min
ジョーンズの反模倣論
講義内容を十分に理解するために，適宜，復習すること。
第12週
12 面接/Face-to-face
90 分/min
ゴシック・リヴァイヴァルと英詩の展開
講義内容を十分に理解するために，適宜，復習すること。
第13週
13 面接/Face-to-face
90 分/min
イマジネーション論の展開とイギリスロマン主義
講義内容を十分に理解するために，適宜，復習すること。
第14週
14 面接/Face-to-face
90 分/min
ラファエル前派
講義内容を十分に理解するために，適宜，復習すること。
授業期間終了後/After the Class Period
15 オンデマンド（動画視聴）/On-demand(watching video)
90 分/min
イマジネーション概念史
講義内容を十分に理解するために，適宜，復習すること。"
10260074000,"△芸術学特論（４）
Topics in Art Theory (4)",https://syllabus.doshisha.ac.jp/html/2024/0260/10260074000.html,独文学・仏文学などのように文学が国ごとに分けて研究される現代において，芸術の一ジャンルとして文学（特に詩）を挙げることはますます稀になりつつある。しかし伝統に即して見れば，西洋の詩は古代ギリシアやローマの古典詩学の規範を共有し，その伝統を遵守したりそれに反抗したりしながら，相互に影響しあっていたのであり，あるいはまた絵画の「姉妹技芸」と見なされて「芸術」の中核をになってきたのでもあった。この講義では古典詩学以降の様々な詩論を読解し，芸術としての詩のあり方について考察していきたい。この授業では特に近代ドイツとフランスの詩論と絵画論を中心的に扱う。春学期の芸術学特論(3)とも内容的に関連し，文化的影響や異文化間の類似や差異についても適宜指摘するが，必ずしも芸術学特論(3)の受講を前提とはしていない。,['伊達\u3000立晶'],"(金曜日3講時)
面接/Face-to-face","10260074 
△芸術学特論（４）
Topics in Art Theory (4)
2単位/Unit  秋学期/Fall  今出川/Imadegawa  講義/Lecture","実施時期
/Week 授業回/Number of Lesson 授業実施方法
/How to conduct a Lesson 授業実施時間数
/Class Hours
内容/Contents
授業時間外の学習/Assignments
第１週　DO Week
1 オンデマンド（動画視聴）/On-demand(watching video)
90 分/min
シラバスの説明。導入としてのバロック期の詩と絵画
講義内容を十分に理解するために，適宜，復習すること。
第2週
2 面接/Face-to-face
90 分/min
ゴットシェートとスイス派
講義内容を十分に理解するために，適宜，復習すること。
第3週
3 面接/Face-to-face
90 分/min
ヴィンケルマン・レッシング論争
講義内容を十分に理解するために，適宜，復習すること。
第4週
4 面接/Face-to-face
90 分/min
レッシングの詩画比較論と古典詩学の伝統
講義内容を十分に理解するために，適宜，復習すること。
第5週
5 面接/Face-to-face
90 分/min
レッシング，ヘルダーへのイギリスの天才論の影響
講義内容を十分に理解するために，適宜，復習すること。
第6週
6 面接/Face-to-face
90 分/min
シラーの天才論
講義内容を十分に理解するために，適宜，復習すること。
第7週
7 面接/Face-to-face
90 分/min
ドイツ・ロマン主義の諸相
講義内容を十分に理解するために，適宜，復習すること。
第8週
8 面接/Face-to-face
90 分/min
フランス詩と古典詩学の伝統
講義内容を十分に理解するために，適宜，復習すること。
第9週
9 面接/Face-to-face
90 分/min
ドイツ・ロマン主義のフランスへの影響
講義内容を十分に理解するために，適宜，復習すること。
第10週
10 面接/Face-to-face
90 分/min
ユゴーとフランス・ロマン主義
講義内容を十分に理解するために，適宜，復習すること。
第11週
11 面接/Face-to-face
90 分/min
ボードレールの詩論・美術論とポーの詩論の影響
講義内容を十分に理解するために，適宜，復習すること。
第12週
12 面接/Face-to-face
90 分/min
印象主義，ジャポニスムに見られる非西洋的美意識
講義内容を十分に理解するために，適宜，復習すること。
第13週
13 面接/Face-to-face
90 分/min
マラルメの象徴主義と日本中世の歌論との接点
講義内容を十分に理解するために，適宜，復習すること。
第14週
14 面接/Face-to-face
90 分/min
世紀末芸術，シュルレアリスムへの展開
講義内容を十分に理解するために，適宜，復習すること。
授業期間終了後/After the Class Period
15 オンデマンド（動画視聴）/On-demand(watching video)
90 分/min
まとめに代えて：ワーグナーとそのフランスにおける受容
講義内容を十分に理解するために，適宜，復習すること。"
10260099000,"○芸術学特論（５）
Topics in Art Theory (5)",https://syllabus.doshisha.ac.jp/html/2024/0260/10260099000.html,"ヨーロッパにおいて宮殿や教会建築の転用としての美術館ではなく，施主やコレクターが自らの収集品を当初から公開することを目的として設計する美術館の建設が18世紀に始まります。そこでは，かつて宮殿や教会と一体となって制作され，来場者を見下ろしていた絵画や彫刻が，来場者の観察に資するために天井や壁面の高い位置から引きずり下ろされ，あるいは，地理的にも時代の面から見ても，かけ離れたところからもたらされた上に，建築の文脈とは関係のない位置に設置されました。ヴァルター・ベンヤミン(1892-1940)は，そうした事態を絵画や彫刻の「礼拝的価値」から「展示的価値」への転換，という言い回しで要約しています。
こうした価値転換に適応するものとして，18世紀から19世紀にかけては新古典主義の建築が，美術館建設にふさわしい様式として取り入れられ，20世紀の前半からは，インターナショナル・スタイルが鑑賞者にとっては展示の中立性を担保する上に，施設管理者にとって利便性に富むものとして新古典主義様式の建築以上に，美術館建設において好まれるようになりました。
本授業では，こうした美術館建築の歴史を18世紀から20世紀前半に至るまで，欧米と日本の事例によって見渡して行きます。それにより，それぞれの時代と地域の美術館設置者が，何を望んでいたか？またそれを享受した来場者は何を得たか？美術館に設置されている作品ではなく，それを置いている建物の観点から分析した上で解釈していきます。",['越前\u3000俊也'],"(木曜日2講時)
面接/Face-to-face","10260099 
○芸術学特論（５）
Topics in Art Theory (5)
2単位/Unit  春学期/Spring  今出川/Imadegawa  講義/Lecture","実施時期
/Week 授業回/Number of Lesson 授業実施方法
/How to conduct a Lesson 授業実施時間数
/Class Hours
内容/Contents
授業時間外の学習/Assignments
第１週　DO Week
1 オンデマンド（動画視聴）/On-demand(watching video)
30 分/min
オリエンテーション
オリエンテーション時に示す書籍を読むこと
第１週　DO Week
1 オンデマンド（授業内課題）/On-demand(assignment in class)
60 分/min
オリエンテーション
オリエンテーション時に示す書籍を読むこと
第2週
2 面接/Face-to-face
90 分/min
西欧建築史概観
復習／予習
第3週
3 面接/Face-to-face
90 分/min
建築心理学序説
同上
第4週
4 面接/Face-to-face
90 分/min
礼拝的価値と展示的価値
同上
第5週
5 面接/Face-to-face
90 分/min
ウフィツィ美術館 (フィレンツェ)
同上
第6週
6 面接/Face-to-face
90 分/min
アルテム ゼウム (ベルリン)
同上
第7週
7 面接/Face-to-face
90 分/min
ロンドンナショナルギャラリー
同上
第8週
8 面接/Face-to-face
90 分/min
ウィーン美術史美術館
同上
第9週
9 面接/Face-to-face
90 分/min
アムステルダム国立美術館
同上
第10週
10 面接/Face-to-face
90 分/min
メトロポリタン美術館
同上
第11週
11 面接/Face-to-face
90 分/min
帝国博物館 (東京)
同上
第12週
12 面接/Face-to-face
90 分/min
東京府美術館
同上
第13週
13 面接/Face-to-face
90 分/min
大阪市立美術館
同上
第14週
14 面接/Face-to-face
90 分/min
大原美術館
同上
授業期間終了後/After the Class Period
15 オンデマンド（動画視聴）/On-demand(watching video)
30 分/min
まとめ
復習
授業期間終了後/After the Class Period
15 オンデマンド（授業内課題）/On-demand(assignment in class)
60 分/min
まとめ
復習"
10260100000,"△芸術学特論（６）
Topics in Art Theory (6)",https://syllabus.doshisha.ac.jp/html/2024/0260/10260100000.html,"世界初の写真画像を作ることに成功したニセフォール・ニエプス(1765–1833)が，その実験段階の被写体として，自室の窓からの眺め，すなわち近隣の家並みを撮影した事は広く知られている。陽光の下，動かず，輪郭のはっきりした建造物は，初期写真にとって都合の良い被写体であった。そのことに加え，地上に対して基本的に垂直に立ち，水平面によって広がる建築物は，垂線と水平線によって構成される矩型のフォーマットを持つ写真と相性が良かった。今日においても，建築の完成は広く竣工写真によって告知されている。そしてそれは，建築の外観の視覚的受容に寄与するものである。
それに対し，映像は その矩型のフォーマットが建築と相性の良い事は，写真と同様であるが，被写体にとどまらず，撮影者の状況変化を前景化して鑑賞者に伝える表現媒体ということもできる。すなわち映像は，建築の誕生・竣工・経年変化・廃墟化を時系列でとらえることができるにとどまらず，その受容者が建築に馴染んでいく過程さえも記録にとどめることができる。さらには，扉や窓の開閉に伴う，自然界ではありえない突然の状況変化は，映像のショットのつなぎ合わせによって生まれる突然の場面転換に比すことができる。こうしたことから，映像は建築の触覚的受容，あるいは「気散じ」状態における受容を示す表現媒体ということができる。
本授業は，こうした観点を出発点として 写真や映画にうつされた建築の分析を行う。
そうすることによって，外界にある客体物として捉えられる建築の第一の性格と，観察者である主体を取り囲むことによって観察者に自らが客体となった感覚を与える建築の第二の性格は，映像によってより鮮明になることを明らかにしていきたい。",['越前\u3000俊也'],"(木曜日2講時)
面接/Face-to-face","10260100 
△芸術学特論（６）
Topics in Art Theory (6)
2単位/Unit  秋学期/Fall  今出川/Imadegawa  講義/Lecture","実施時期
/Week 授業回/Number of Lesson 授業実施方法
/How to conduct a Lesson 授業実施時間数
/Class Hours
内容/Contents
授業時間外の学習/Assignments
第１週　DO Week
1 オンデマンド（動画視聴）/On-demand(watching video)
30 分/min
オリエンテーション
復習
第１週　DO Week
1 オンデマンド（授業内課題）/On-demand(assignment in class)
60 分/min
オリエンテーション
復習
第2週
2 面接/Face-to-face
90 分/min
建築の視覚的受容と触覚的受容
予習／復習
第3週
3 面接/Face-to-face
90 分/min
建築心理学序説
同上
第4週
4 面接/Face-to-face
90 分/min
初期写真に撮影された建築
同上
第5週
5 面接/Face-to-face
90 分/min
ジョン・シャーカフスキーのルイス・サリバン
同上
第6週
6 面接/Face-to-face
90 分/min
小津映画に見られる建築
同上
第7週
7 面接/Face-to-face
90 分/min
溝口映画に示された建築
同上
第8週
8 面接/Face-to-face
90 分/min
ヒッチコックの建築表現
同上
第9週
9 面接/Face-to-face
90 分/min
ヒロシマ・モナムールの原爆資料館
同上
第10週
10 面接/Face-to-face
90 分/min
フランク・ロイド・ライトの落水荘
同上
第11週
11 面接/Face-to-face
90 分/min
白井晟一の映像的建築
同上
第12週
12 面接/Face-to-face
90 分/min
建築映画と映像建築
同上
第13週
13 面接/Face-to-face
90 分/min
大木裕之の建築
同上
第14週
14 面接/Face-to-face
90 分/min
大木裕之の映像
同上
授業期間終了後/After the Class Period
15 オンデマンド（動画視聴）/On-demand(watching video)
30 分/min
まとめ
復習
授業期間終了後/After the Class Period
15 オンデマンド（授業内課題）/On-demand(assignment in class)
60 分/min
まとめ
復習"
10260101001,"○美学芸術学基礎演習Ⅰ-1
Basic Seminar in Aesthetics and Art Theory-1",https://syllabus.doshisha.ac.jp/html/2024/0260/10260101001.html,諸芸術に関する各自の関心を広げ，深めることを目指す。授業での発表，討議を通じ，論の立て方，論述の方法にも習熟してもらいたい。,['伊達\u3000立晶'],"(金曜日1講時)
面接/Face-to-face","10260101-001 
○美学芸術学基礎演習Ⅰ－1
Basic Seminar in Aesthetics and Art Theory－1
2単位/Unit  春学期/Spring  今出川/Imadegawa  演習/Seminar","実施時期
/Week 授業回/Number of Lesson 授業実施方法
/How to conduct a Lesson 授業実施時間数
/Class Hours
内容/Contents
授業時間外の学習/Assignments
第１週　DO Week
1 オンデマンド（動画視聴）/On-demand(watching video)
90 分/min
ガイダンス.大学での学び。
日頃から研究テーマを探し，自分なりの思索を深めること。
第2週
2 面接/Face-to-face
90 分/min
参考文献紹介と文献資料の調べ方。
日頃から研究テーマを探し，自分なりの思索を深めること。
第3週
3 面接/Face-to-face
90 分/min
論文の読み方。
日頃から研究テーマを探し，自分なりの思索を深めること。
第4週
4 面接/Face-to-face
90 分/min
論文の書き方概説。
日頃から研究テーマを探し，自分なりの思索を深めること。
第5週
5 面接/Face-to-face
90 分/min
論文の書き方とルール。
日頃から研究テーマを探し，自分なりの思索を深めること。
第6週
6 面接/Face-to-face
90 分/min
論文の技法。
日頃から研究テーマを探し，自分なりの思索を深めること。
第7週
7 面接/Face-to-face
90 分/min
実際の論文を読む。
日頃から研究テーマを探し，自分なりの思索を深めること。
第8週
8 面接/Face-to-face
90 分/min
論文の書き方，まとめ。
日頃から研究テーマを探し，自分なりの思索を深めること。
第9週
9 面接/Face-to-face
90 分/min
第1回発表。
日頃から研究テーマを探し，自分なりの思索を深めること。
第10週
10 面接/Face-to-face
90 分/min
第2回発表。
日頃から研究テーマを探し，自分なりの思索を深めること。
第11週
11 面接/Face-to-face
90 分/min
第3回発表。
日頃から研究テーマを探し，自分なりの思索を深めること。
第12週
12 面接/Face-to-face
90 分/min
第4回発表。
日頃から研究テーマを探し，自分なりの思索を深めること。
第13週
13 面接/Face-to-face
90 分/min
第5回発表。
日頃から研究テーマを探し，自分なりの思索を深めること。
第14週
14 面接/Face-to-face
90 分/min
第6回発表。
日頃から研究テーマを探し，自分なりの思索を深めること。
授業期間終了後/After the Class Period
15 オンデマンド（動画視聴）/On-demand(watching video)
90 分/min
総括。
日頃から研究テーマを探し，自分なりの思索を深めること。"
10260101002,"○美学芸術学基礎演習Ⅰ-2
Basic Seminar in Aesthetics and Art Theory-2",https://syllabus.doshisha.ac.jp/html/2024/0260/10260101002.html,本演習では，美学芸術学の根本諸概念とともに，レポートの基本的な書き方を学びます。レポートの主題としては，理論（評論・批評）的な主題をいくつか設定し（美学分野，芸術論分野など），主題を選択したうえでレポートを書いていただきます。受講者は主題となる対象論文を共有したうえで，演習中にレポートを全員で検討します。,['森田\u3000團'],"(金曜日2講時)
面接/Face-to-face","10260101-002 
○美学芸術学基礎演習Ⅰ－2
Basic Seminar in Aesthetics and Art Theory－2
2単位/Unit  春学期/Spring  今出川/Imadegawa  演習/Seminar","実施時期
/Week 授業回/Number of Lesson 授業実施方法
/How to conduct a Lesson 授業実施時間数
/Class Hours
内容/Contents
授業時間外の学習/Assignments
第１週　DO Week
1 オンデマンド（動画視聴）/On-demand(watching video)
90 分/min
はじめに――レポートの書き方と主題の説明
演習内容を配布資料をもとに復習する。
第2週
2 面接/Face-to-face
90 分/min
レポートの書き方と主題の選定１（要約することの意味）
演習内容を配布資料をもとに復習する。
第3週
3 面接/Face-to-face
90 分/min
レポートの書き方と主題の選定２（問いを立てる，論述を組み立てる）
指示された参考文献をもとに演習内容を復習し，疑問点を明らかにする。
第4週
4 面接/Face-to-face
90 分/min
美学芸術学の根本諸概念１（選定されたテクスト読解と解説）
指示された参考文献をもとに演習内容を復習し，疑問点を明らかにする。
第5週
5 面接/Face-to-face
90 分/min
美学芸術学の根本諸概念２（選定されたテクスト読解と解説）
指示された参考文献をもとに演習内容を復習し，疑問点を明らかにする。
第6週
6 面接/Face-to-face
90 分/min
美学芸術学の根本諸概念３（選定されたテクスト読解と解説）
指示された参考文献をもとに演習内容を復習し，疑問点を明らかにする。
第7週
7 面接/Face-to-face
90 分/min
第１グループのレポート検討（美学の根本概念） 1
レポートを熟読し，質問を用意する。
第8週
8 面接/Face-to-face
90 分/min
第１グループのレポート検討 （美学の根本概念）2
レポートを熟読し，質問を用意する。
第9週
9 面接/Face-to-face
90 分/min
第２グループのレポート検討（芸術論の根本概念） 1
レポートを熟読し，質問を用意する。
第10週
10 面接/Face-to-face
90 分/min
第２グループのレポート検討（芸術論の根本概念） 2
レポートを熟読し，質問を用意する。
第11週
11 面接/Face-to-face
90 分/min
第３グループのレポート検討（その他の分野１） 1
レポートを熟読し，質問を用意する。
第12週
12 面接/Face-to-face
90 分/min
第３グループのレポート検討 （その他の分野１）2
レポートを熟読し，質問を用意する。
第13週
13 面接/Face-to-face
90 分/min
第４グループのレポート検討 ）その他の分野２）1
レポートを熟読し，質問を用意する。
第14週
14 面接/Face-to-face
90 分/min
第４グループのレポート検討（その他の分野２） 2
レポートを熟読し，質問を用意する。
授業期間終了後/After the Class Period
15 オンデマンド（動画視聴）/On-demand(watching video)
90 分/min
レポートの成果を再検討したうえで，今後の課題を述べる。
レポート課題を改めて見直し，自らの成果を反省する。"
10260101003,"○美学芸術学基礎演習Ⅰ-3
Basic Seminar in Aesthetics and Art Theory-3",https://syllabus.doshisha.ac.jp/html/2024/0260/10260101003.html,"美学芸術学科での専門的な学びを進めるうえで必須となる基礎的な知識や考え方を身につけることを目的とします。美や芸術を学問的に扱うとはどういうことか，その課題や方法論を学びつつ，プレゼンテーションやディスカッション，レポート作成の仕方を実践的に習得します。
教材としては，津上英輔著『美学の練習』（春秋社，2023年）を用います。受講生は２〜３名ずつのグループに分かれて，本教材中のそれぞれの担当箇所の内容についてプレゼンテーションし，それに基づいてクラス討議をおこなう予定です。",['大愛\u3000崇晴'],"(金曜日2講時)
面接/Face-to-face","10260101-003 
○美学芸術学基礎演習Ⅰ－3
Basic Seminar in Aesthetics and Art Theory－3
2単位/Unit  春学期/Spring  今出川/Imadegawa  演習/Seminar","実施時期
/Week 授業回/Number of Lesson 授業実施方法
/How to conduct a Lesson 授業実施時間数
/Class Hours
内容/Contents
授業時間外の学習/Assignments
第１週　DO Week
第1回 オンデマンド（動画視聴）/On-demand(watching video)
90 分/min
ガイダンス：美学芸術学科で何を学ぶか
講義中に示した資料や参考文献を読む
第2週
第2回 面接/Face-to-face
90 分/min
発表の仕方についての説明，美学芸術学のテーマについて（その１）
講義中に示した資料や参考文献を読む
第3週
第3回 面接/Face-to-face
90 分/min
美学芸術学のテーマについて（その２）
講義中に示した資料や参考文献を読む
第4週
第4回 面接/Face-to-face
90 分/min
受講生によるプレゼンテーションとクラス討議（第１講その１）
発表グループは発表の準備をする。他の受講生は教材の担当箇所を授業前に読む。
第5週
第5回 面接/Face-to-face
90 分/min
受講生によるプレゼンテーションとクラス討議（第１講その２）
発表グループは発表の準備をする。他の受講生は教材の担当箇所を授業前に読む。
第6週
第6回 面接/Face-to-face
90 分/min
受講生によるプレゼンテーションとクラス討議（第２講）
発表グループは発表の準備をする。他の受講生は教材の担当箇所を授業前に読む。
第7週
第7回 面接/Face-to-face
90 分/min
受講生によるプレゼンテーションとクラス討議（第３講その１）
発表グループは発表の準備をする。他の受講生は教材の担当箇所を授業前に読む。
第8週
第8回 面接/Face-to-face
90 分/min
受講生によるプレゼンテーションとクラス討議（第３講その２）
発表グループは発表の準備をする。他の受講生は教材の担当箇所を授業前に読む。
第9週
第9回 面接/Face-to-face
90 分/min
受講生によるプレゼンテーションとクラス討議（第４講）
発表グループは発表の準備をする。他の受講生は教材の担当箇所を授業前に読む。
第10週
第10回 面接/Face-to-face
90 分/min
受講生によるプレゼンテーションとクラス討議（第５講その１）
発表グループは発表の準備をする。他の受講生は教材の担当箇所を授業前に読む。
第11週
第11回 面接/Face-to-face
90 分/min
受講生によるプレゼンテーションとクラス討議（第５講その２）
発表グループは発表の準備をする。他の受講生は教材の担当箇所を授業前に読む。
第12週
第12回 面接/Face-to-face
90 分/min
受講生によるプレゼンテーションとクラス討議（第６講）
発表グループは発表の準備をする。他の受講生は教材の担当箇所を授業前に読む。
第13週
第13回 面接/Face-to-face
90 分/min
受講生によるプレゼンテーションとクラス討議（第７講その１）
発表グループは発表の準備をする。他の受講生は教材の担当箇所を授業前に読む。
第14週
第14回 面接/Face-to-face
90 分/min
受講生によるプレゼンテーションとクラス討議（第７講その２）
発表グループは発表の準備をする。他の受講生は教材の担当箇所を授業前に読む。
授業期間終了後/After the Class Period
第15回 オンデマンド（動画視聴）/On-demand(watching video)
90 分/min
面接授業および期末レポートの講評，質問への回答など
復習"
10260102001,"△美学芸術学基礎演習Ⅱ-1
Basic Seminar in Aesthetics and Art Theory-1",https://syllabus.doshisha.ac.jp/html/2024/0260/10260102001.html,"・１年次の基礎演習Ⅰに引き続いて，美学芸術学研究のための知識と方法を，西洋美術史の例を中心に学びます。
・情報収集やプレゼンテーション，レポート執筆を課します。
・学期中に最低1回ずつ，美学芸術学に関わる自分の関心に基づいて研究発表を行います。発表の際には，聞いている人が良く分かるように，原稿を準備し，パワーポイントを使用するなど，工夫してください。",['吉田\u3000朋子'],"(金曜日2講時)
面接/Face-to-face","10260102-001 
△美学芸術学基礎演習Ⅱ－1
Basic Seminar in Aesthetics and Art Theory－1
2単位/Unit  秋学期/Fall  今出川/Imadegawa  演習/Seminar","実施時期
/Week 授業回/Number of Lesson 授業実施方法
/How to conduct a Lesson 授業実施時間数
/Class Hours
内容/Contents
授業時間外の学習/Assignments
第１週　DO Week
第1回 オンデマンド（動画視聴）/On-demand(watching video)
90 分/min
イントロダクション／欧米の美術館の活動例（ルーヴル美術館，メトロポリタン美術館）
自分の関心を考え，報告する。
第2週
第2回 面接/Face-to-face
90 分/min
日本の美術館に所蔵されている西洋美術の作品／作品記述について
課題文献を読む。
第3週
第3回 面接/Face-to-face
90 分/min
様々な情報収集の方法について／研究コミュニティ（研究者，学会や研究機関）を知る
自分のテーマに関して情報収集を行う。
第4週
第4回 面接/Face-to-face
90 分/min
学術論文の構成について（実際の論文を分解して考える）
自分の発表の構成を考える。
第5週
第5回 面接/Face-to-face
90 分/min
事典の活用について（１）／受講生による研究発表
発表に向けた準備・発表後の反省と修正を行う。
第6週
第6回 面接/Face-to-face
90 分/min
事典の活用について（２）／受講生による研究発表
発表に向けた準備・発表後の反省と修正を行う。
第7週
第7回 面接/Face-to-face
90 分/min
展覧会カタログについて（１）／受講生による研究発表
発表に向けた準備・発表後の反省と修正を行う。
第8週
第8回 面接/Face-to-face
90 分/min
展覧会カタログについて（２）／受講生による研究発表
発表に向けた準備・発表後の反省と修正を行う。
第9週
第9回 面接/Face-to-face
90 分/min
データベースについて（１）／受講生による研究発表
発表に向けた準備・発表後の反省と修正を行う。
第10週
第10回 面接/Face-to-face
90 分/min
データベースについて（２）／受講生による研究発表
発表に向けた準備・発表後の反省と修正を行う。
第11週
第11回 面接/Face-to-face
90 分/min
カタログ・レゾネについて（１）／受講生による研究発表
発表に向けた準備・発表後の反省と修正を行う。
第12週
第12回 面接/Face-to-face
90 分/min
カタログ・レゾネについて（２）／受講生による研究発表
発表に向けた準備・発表後の反省と修正を行う。
第13週
第13回 面接/Face-to-face
90 分/min
論文の形式について／受講生による研究発表
発表に向けた準備・発表後の反省と修正を行う。
第14週
第14回 面接/Face-to-face
90 分/min
図版について／受講生による研究発表
発表に向けた準備・発表後の反省と修正を行う。
授業期間終了後/After the Class Period
第15回 オンデマンド（動画視聴）/On-demand(watching video)
90 分/min
全体の振り返り
科目の内容と各自のレポートを振り返る。"
10260102002,"△美学芸術学基礎演習Ⅱ-2
Basic Seminar in Aesthetics and Art Theory-2",https://syllabus.doshisha.ac.jp/html/2024/0260/10260102002.html,一年次の基礎演習に続き，美学芸術学科において専門研究を進めるための基礎的な知識や研究方法を身につけることを目的とします。美学，芸術学，芸術諸学（美術史，音楽学，文芸学などの芸術個別ジャンルを扱う学問分野）の学問体系や課題，方法論を踏まえつつ各自の興味や関心に根ざす研究発表を行い，読書レポートをしてもらいます。,['越前\u3000俊也'],"(金曜日2講時)
面接/Face-to-face","10260102-002 
△美学芸術学基礎演習Ⅱ－2
Basic Seminar in Aesthetics and Art Theory－2
2単位/Unit  秋学期/Fall  今出川/Imadegawa  演習/Seminar","実施時期
/Week 授業回/Number of Lesson 授業実施方法
/How to conduct a Lesson 授業実施時間数
/Class Hours
内容/Contents
授業時間外の学習/Assignments
第１週　DO Week
1 オンデマンド（動画視聴）/On-demand(watching video)
30 分/min
オリエンテーション（授業の進め方について）
読書レポートを作成するための選書を開始すること
第１週　DO Week
１ オンデマンド（授業内課題）/On-demand(assignment in class)
60 分/min
オリエンテーション（授業の進め方について）
読書レポートを作成するための選書を開始すること
第2週
２ 面接/Face-to-face
90 分/min
美学芸術学の課題
復習／予習
第3週
３ 面接/Face-to-face
90 分/min
読書レポートの作成について
復習／予習
第4週
４ 面接/Face-to-face
90 分/min
西洋美術に関する読書レポート発表
発表に対する質疑応答
第5週
５ 面接/Face-to-face
90 分/min
日本美術に関する読書レポート発表
発表に対する質疑応答
第6週
６ 面接/Face-to-face
90 分/min
映画に関する読書レポート発表
発表に対する質疑応答
第7週
７ 面接/Face-to-face
90 分/min
デザインに関する読書レポート発表
発表に対する質疑応答
第8週
８ 面接/Face-to-face
90 分/min
舞台芸術に関する読書レポート発表
発表に対する質疑応答
第9週
９ 面接/Face-to-face
90 分/min
音楽に関する読書レポート発表
発表に対する質疑応答
第10週
１０ 面接/Face-to-face
90 分/min
サブカルチャーに関する読書レポート発表
発表に対する質疑応答
第11週
１１ 面接/Face-to-face
90 分/min
建築に関する読書レポート発表
発表に対する質疑応答
第12週
１２ 面接/Face-to-face
90 分/min
現代美術に関する読書レポート発表
発表に対する質疑応答
第13週
1３ 面接/Face-to-face
90 分/min
視覚文化に関する読書レポート発表
発表に対する質疑応答
第14週
１４ 面接/Face-to-face
90 分/min
環境芸術に関する読書レポート発表
発表に対する質疑応答
授業期間終了後/After the Class Period
１５ オンデマンド（動画視聴）/On-demand(watching video)
30 分/min
まとめ
第１４回までの授業を振り返り，各自の課題の要点をまとめること。
授業期間終了後/After the Class Period
１５ オンデマンド（授業内課題）/On-demand(assignment in class)
60 分/min
まとめ
第１４回までの授業を振り返り，各自の課題の要点をまとめること。"
10260102003,"△美学芸術学基礎演習Ⅱ-3
Basic Seminar in Aesthetics and Art Theory-3",https://syllabus.doshisha.ac.jp/html/2024/0260/10260102003.html,美学芸術学研究の基礎として，何をどのように捉え考え，調べて発表すればよいのかを実際に各自で行う，セミナー形式の授業である。基礎演習I の学習を踏まえ，美学芸術学の扱う範囲，学問分野，関連領域を確認したうえで，資料の調べ方，まとめ方，発表のしかたを学習し，実践する。授業では，発表者の内容に対して質疑応答を行い，議論することで，多様な感じ方や考え方を知り，自己の感性や思考を陶冶する機会とする。受講者は順番に発表するだけでなく，ほかの発表者や出席者と積極的に議論・対話することが求められる。,['河野\u3000道房'],"(金曜日2講時)
面接/Face-to-face","10260102-003 
△美学芸術学基礎演習Ⅱ－3
Basic Seminar in Aesthetics and Art Theory－3
2単位/Unit  秋学期/Fall  今出川/Imadegawa  演習/Seminar","実施時期
/Week 授業回/Number of Lesson 授業実施方法
/How to conduct a Lesson 授業実施時間数
/Class Hours
内容/Contents
授業時間外の学習/Assignments
第１週　DO Week
1.ガイダンス１ オンデマンド（動画視聴）/On-demand(watching video)
90 分/min
基本的考え方，基礎演習Iとの相違，発表順決定
資料の予習・復習
第2週
2.ガイダンス２ 面接/Face-to-face
90 分/min
美学芸術学の領域，資料の探し方，感性を磨くこと，
資料の予習・復習，発表資料作成
第3週
3.発表1
面接/Face-to-face
90 分/min
発表と質疑応答
資料の予習・復習，発表資料作成
第4週
4.発表2 面接/Face-to-face
90 分/min
発表と質疑応答
資料の予習・復習，発表資料作成
第5週
5.発表3 面接/Face-to-face
90 分/min
発表と質疑応答
資料の予習・復習，発表資料作成
第6週
6.発表4 面接/Face-to-face
90 分/min
発表と質疑応答　中間総括1
資料の予習・復習，発表資料作成
第7週
7.発表5 面接/Face-to-face
90 分/min
発表と質疑応答
資料の予習・復習，発表資料作成
第8週
8.発表6 面接/Face-to-face
90 分/min
発表と質疑応答
資料の予習・復習，発表資料作成
第9週
9.発表7 面接/Face-to-face
90 分/min
発表と質疑応答
資料の予習・復習，発表資料作成
第10週
10.発表8 面接/Face-to-face
90 分/min
発表と質疑応答　中間総括2
資料の予習・復習，発表資料作成
第11週
11.発表9 面接/Face-to-face
90 分/min
発表と質疑応答
資料の予習・復習，発表資料作成
第12週
12.発表10 面接/Face-to-face
90 分/min
発表と質疑応答
資料の予習・復習，発表資料作成
第13週
13.発表11 面接/Face-to-face
90 分/min
発表と質疑応答
資料の予習・復習，発表資料作成
第14週
14.発表12 面接/Face-to-face
90 分/min
発表と質疑応答　中間総括3
資料の予習・復習
授業期間終了後/After the Class Period
15.総合総括 オンデマンド（動画視聴）/On-demand(watching video)
90 分/min
発表概評　反省点と改善点　3年次演習に向けて
資料の復習"
10260302000,"○芸術学特論（７）
Topics in Art Theory (7)",https://syllabus.doshisha.ac.jp/html/2024/0260/10260302000.html,西洋の音楽観・音楽思想の歴史を概観します。ヨーロッパ（およびアメリカ）において音楽が歴史的にどのようなものとして捉えられていたのかを学ぶことによって，音楽に対する理解の多様性を歴史的な観点から把握することを目指します。内容的には「音楽」という概念そのものに関わる哲学的・美学的トピックが中心を占めますが，「音楽」の概念はその時代に実際に演奏されていた音楽のあり方にも左右されるものなので，具体的な音楽についても言及するつもりです。,['大愛\u3000崇晴'],"(金曜日3講時)
面接/Face-to-face","10260302 
○芸術学特論（７）
Topics in Art Theory (7)
2単位/Unit  春学期/Spring  今出川/Imadegawa  講義/Lecture","実施時期
/Week 授業回/Number of Lesson 授業実施方法
/How to conduct a Lesson 授業実施時間数
/Class Hours
内容/Contents
授業時間外の学習/Assignments
第１週　DO Week
第１回 オンデマンド（動画視聴）/On-demand(watching video)
70 分/min
導入：「音楽」という概念について
音楽に対する自分の考えをまとめておく。
第１週　DO Week
第１回 オンデマンド（授業内課題）/On-demand(assignment in class)
20 分/min
動画内の課題に答える。課題は第２回の授業で提出してもらいます。
同上
第2週
第２回 面接/Face-to-face
90 分/min
古代ギリシアの音楽観（ピュタゴラス派）
授業中に紹介する原典テクストおよび参考文献を読んで，授業内容を復習する。
第3週
第３回 面接/Face-to-face
90 分/min
古代ギリシアの音楽観（プラトンとアリストテレス）
授業中に紹介する原典テクストおよび参考文献を読んで，授業内容を復習する。
第4週
第４回 面接/Face-to-face
90 分/min
中世の音楽観（アウグスティヌス，ボエティウス）
授業中に紹介する原典テクストおよび参考文献を読んで，授業内容を復習する。
第5週
第５回 面接/Face-to-face
90 分/min
中世の音楽観（グイド・ダレッツォ，グロケイオ）
授業中に紹介する原典テクストおよび参考文献を読んで，授業内容を復習する。
第6週
第６回 面接/Face-to-face
90 分/min
ケプラーの天体論と音楽
授業中に紹介する原典テクストおよび参考文献を読んで，授業内容を復習する。
第7週
第７回 面接/Face-to-face
90 分/min
イタリア人文主義とオペラの誕生
授業中に紹介する原典テクストおよび参考文献を読んで，授業内容を復習する。
第8週
第８回 面接/Face-to-face
90 分/min
啓蒙主義時代の音楽観（マッテゾン）
授業中に紹介する原典テクストおよび参考文献を読んで，授業内容を復習する。
第9週
第９回 面接/Face-to-face
90 分/min
啓蒙主義時代の音楽観（カント）
授業中に紹介する原典テクストおよび参考文献を読んで，授業内容を復習する。
第10週
第10回 面接/Face-to-face
90 分/min
ロマン主義の音楽観（ヴァッケンローダーとE.T.A.ホフマン）
授業中に紹介する原典テクストおよび参考文献を読んで，授業内容を復習する。
第11週
第11回 面接/Face-to-face
90 分/min
ロマン主義の音楽観（ショーペンハウアー，ヘーゲル）
授業中に紹介する原典テクストおよび参考文献を読んで，授業内容を復習する。
第12週
第12回 面接/Face-to-face
90 分/min
ロマン主義の音楽観（新ドイツ派）
授業中に紹介する原典テクストおよび参考文献を読んで，授業内容を復習する。
第13週
第13回 面接/Face-to-face
90 分/min
ハンスリックと自律的音楽美学
授業中に紹介する原典テクストおよび参考文献を読んで，授業内容を復習する。
第14週
第14回 面接/Face-to-face
90 分/min
ジョン・ケージの音楽観
授業中に紹介する原典テクストおよび参考文献を読んで，授業内容を復習する。
授業期間終了後/After the Class Period
第15回 オンデマンド（動画視聴）/On-demand(watching video)
90 分/min
期末試験の解説・講評
授業の内容を振り返り，自らの音楽についての考え方を問い直す。"
10260303000,"△芸術学特論（８）
Topics in Art Theory (8)",https://syllabus.doshisha.ac.jp/html/2024/0260/10260303000.html,古来から舞踊と音楽は不可分の関係にありました。この講義では，ルネサンス期から20世紀までのヨーロッパで，とりわけ劇場の舞台で踊られた舞踊，すなわちバレエの歴史を，同時代の音楽との関わりや，社会的・文化的背景に焦点をあてながらたどります。授業中にDVD，CDなどの視聴覚資料を用います。なお，担当者の専門分野は音楽学であり舞踊学ではないので，舞踊の身体的な技法や技術については触れません。,['大愛\u3000崇晴'],"(金曜日3講時)
面接/Face-to-face","10260303 
△芸術学特論（８）
Topics in Art Theory (8)
2単位/Unit  秋学期/Fall  今出川/Imadegawa  講義/Lecture","実施時期
/Week 授業回/Number of Lesson 授業実施方法
/How to conduct a Lesson 授業実施時間数
/Class Hours
内容/Contents
授業時間外の学習/Assignments
第１週　DO Week
第1回 オンデマンド（動画視聴）/On-demand(watching video)
90 分/min
導入：バレエとは何か；古代および中世ヨーロッパの舞踊と音楽
授業中に紹介する参考文献を読んで理解を深める。CD等で授業中に触れた音楽作品を聴く。
第2週
第2回 面接/Face-to-face
90 分/min
ルネサンス期の舞踊と音楽
同上
第3週
第3回 面接/Face-to-face
90 分/min
宮廷スペクタクルのなかの舞踊
同上
第4週
第4回 面接/Face-to-face
90 分/min
ルイ14世時代のフランスのバレエと音楽
同上
第5週
第5回 面接/Face-to-face
90 分/min
18世紀前半のオペラ=バレエ
同上
第6週
第6回 面接/Face-to-face
90 分/min
バレエ・ダクシオン①
同上
第7週
第7回 面接/Face-to-face
90 分/min
バレエ・ダクシオン②
同上
第8週
第8回 面接/Face-to-face
90 分/min
ロマンティック・バレエの誕生と展開①
同上
第9週
第9回 面接/Face-to-face
90 分/min
ロマンティック・バレエの誕生と展開②
同上
第10週
第10回 面接/Face-to-face
90 分/min
ロシア帝室バレエとチャイコフスキー①
同上
第11週
第11回 面接/Face-to-face
90 分/min
ロシア帝室バレエとチャイコフスキー②
同上
第12週
第12回 面接/Face-to-face
90 分/min
ディアギレフのロシア・バレエ団と20世紀初頭の作曲家たち①
同上
第13週
第13回 面接/Face-to-face
90 分/min
ディアギレフのロシア・バレエ団と20世紀初頭の作曲家たち②
同上
第14週
第14回 面接/Face-to-face
90 分/min
20世紀におけるバレエの展開
同上
授業期間終了後/After the Class Period
第15回 オンデマンド（動画視聴）/On-demand(watching video)
90 分/min
期末試験の解説と講評，講義内容の補足
同上"
10260308000,"○芸術学特論（９）
Topics in Art Theory (9)",https://syllabus.doshisha.ac.jp/html/2024/0260/10260308000.html,わが国古代中世の仏教美術についての考察。今年度は絵巻物・掛幅説話画を取り上げる。授業は（1）概念説明と（２）作品研究によって成り立つ。（1）はプリントを使いながら講義を行い，（２）はパワーポイントで実作品を観ながら講義を行う。,['加須屋\u3000誠'],"(木曜日3講時)
面接/Face-to-face","10260308 
○芸術学特論（９）
Topics in Art Theory (9)
2単位/Unit  春学期/Spring  今出川/Imadegawa  講義/Lecture","実施時期
/Week 授業回/Number of Lesson 授業実施方法
/How to conduct a Lesson 授業実施時間数
/Class Hours
内容/Contents
授業時間外の学習/Assignments
第１週　DO Week
１ オンデマンド（動画視聴）/On-demand(watching video)
90 分/min
イントロダクション
①芸術学(美術史)とはなにか，②今年の講義について　③単位認定の方法について　それぞれの指示を確認する。
第2週
２ 面接/Face-to-face
90 分/min
三途の河を渡る
講義で鑑賞した作品のうち一つを選んで詳しく調べる。
第3週
３ 面接/Face-to-face
90 分/min
閻魔王の裁き
講義で鑑賞した作品のうち一つを選んで詳しく調べる。
第4週
４ 面接/Face-to-face
90 分/min
地獄を旅する
講義で鑑賞した作品のうち一つを選んで詳しく調べる。
第5週
５ 面接/Face-to-face
90 分/min
餓鬼と出逢う
講義で鑑賞した作品のうち一つを選んで詳しく調べる。
第6週
６ 面接/Face-to-face
90 分/min
畜生を憐れむ
講義で鑑賞した作品のうち一つを選んで詳しく調べる。
第7週
７ 面接/Face-to-face
90 分/min
人道を生きる
講義で鑑賞した作品のうち一つを選んで詳しく調べる。
第8週
８ 面接/Face-to-face
90 分/min
阿修羅道と天道(六道を巡る)
講義で鑑賞した作品のうち一つを選んで詳しく調べる。
第9週
９ 面接/Face-to-face
90 分/min
極楽の情景
講義で鑑賞した作品のうち一つを選んで詳しく調べる。
第10週
10 面接/Face-to-face
90 分/min
海の彼方の浄土
講義で鑑賞した作品のうち一つを選んで詳しく調べる。
第11週
11 面接/Face-to-face
90 分/min
煩悩を越えて
講義で鑑賞した作品のうち一つを選んで詳しく調べる。
第12週
12 面接/Face-to-face
90 分/min
三途の川再考
講義で鑑賞した作品のうち一つを選んで詳しく調べる。
第13週
13 面接/Face-to-face
90 分/min
餓鬼草紙研究
講義で鑑賞した作品のうち一つを選んで詳しく調べる。
第14週
14 面接/Face-to-face
90 分/min
亡き人と生きる者のあいだに
講義で鑑賞した作品のうち一つを選んで詳しく調べる。
授業期間終了後/After the Class Period
15 オンデマンド（動画視聴）/On-demand(watching video)
90 分/min
まとめと講評
講義全体を振り返り，自身が関心をもったテーマを探求する"
10260309000,"△芸術学特論（１０）
Topics in Art Theory (10)",https://syllabus.doshisha.ac.jp/html/2024/0260/10260309000.html,美術史学という学問領域の基礎を学び，仏画を主題材として，7世紀～12世紀に至る様式展開について，日中交流史との関係性を踏まえて概観する。画像を提示しながらの講義が主体となるが，理解のためには，最低限，高校日本史B程度の該当時代についての基礎は必要である。暗記ではなく，教科書を通読して流れを把握する程度でよいので，高校時代に履修していない場合は事前に準備しておくことが望ましい。,['大原\u3000嘉豊'],"(月曜日6講時)
面接/Face-to-face","10260309 
△芸術学特論（１０）
Topics in Art Theory (10)
2単位/Unit  秋学期/Fall  今出川/Imadegawa  講義/Lecture","実施時期
/Week 授業回/Number of Lesson 授業実施方法
/How to conduct a Lesson 授業実施時間数
/Class Hours
内容/Contents
授業時間外の学習/Assignments
第１週　DO Week
1 オンデマンド（動画視聴）/On-demand(watching video)
90 分/min
美術史学の基礎1―価値の基軸―
作品評価の価値の基軸について講義する。
予習不要
第2週
2 面接/Face-to-face
90 分/min
美術史学の基礎2―図像学1―
美術史学の二大支柱である図像学の基礎を実例を交えて講義する。
予習不要
第3週
3　 面接/Face-to-face
90 分/min
美術史学の基礎3―図像学2―
美術史学の二大支柱である図像学の基礎を実例を交えて講義する。
予習不要
第4週
4 面接/Face-to-face
90 分/min
美術史学の基礎4　―様式論1―
美術史学の二大支柱である様式論の基礎を実例を交えて講義する。
予習不要
第5週
5 面接/Face-to-face
90 分/min
美術史学の基礎5　―様式論2―
美術史学の二大支柱である様式論の基礎を実例を交えて講義する。
予習不要
第6週
6 面接/Face-to-face
90 分/min
美術史学の基礎6　―仏画における技法―
仏教美術は図像学の制約があるため，技法が様式編年において意味がある。仏画の場合を例示して講義する。
予習不要，参考文献は講義時に示す。
第7週
7 面接/Face-to-face
90 分/min
飛鳥時代
法隆寺金堂釈迦三尊像を中心に，中国南北朝文化との関係性を講義する。
予習として，該当時代の高校日本史教科書の通読（おさらい，10分程度）。
第8週
8 面接/Face-to-face
90 分/min
「白鳳」時代
法隆寺金堂壁画を中心に，初唐文化との関係性を講義する。
予習として，該当時代の高校日本史教科書の通読（おさらい，10分程度）。
第9週
9 面接/Face-to-face
90 分/min
奈良時代
法華堂根本曼荼羅を中心に，盛唐文化との関係性を講義する。
予習として，該当時代の高校日本史教科書の通読（おさらい，10分程度）。
第10週
10 面接/Face-to-face
90 分/min
平安時代前期1
高雄曼荼羅，黄不動を中心に，密教と中唐文化との関係性を講義する。
予習として，該当時代の高校日本史教科書の通読（おさらい，10分程度）。
第11週
11 面接/Face-to-face
90 分/min
平安時代前期2
孔雀明王像（法隆寺蔵），醍醐寺五重塔壁画を中心に，呉越文化との関係性を講義する。
予習として，該当時代の高校日本史教科書の通読（おさらい，10分程度）。
第12週
12 面接/Face-to-face
90 分/min
平安時代中期1
十六羅漢図を中心に，北宋文化との関係性を講義する。
予習として，該当時代の高校日本史教科書の通読（おさらい，１０分程度）。
第13週
13 面接/Face-to-face
90 分/min
平安時代中期2
釈迦金棺出現図を中心に，五代文化及び１１世紀における日中交渉史との関係性を講義する。
予習として，該当時代の高校日本史教科書の通読（おさらい，１０分程度）。
第14週
14 面接/Face-to-face
90 分/min
平安時代後期1
普賢延命像（松尾寺）を中心に，南宋文化との関係性を講義する。
予習として，該当時代の高校日本史教科書の通読（おさらい，１０分程度）。
授業期間終了後/After the Class Period
15 オンデマンド（動画視聴）/On-demand(watching video)
90 分/min
平安時代後期2
明恵上人樹上坐禅像を中心に，南宋文化との関係性を講義する。
予習として，該当時代の高校日本史教科書の通読（おさらい，１０分程度）。"
10260400000,"△音楽学概論Ⅰ(初期オペラ史)
Introduction to Musicology I",https://syllabus.doshisha.ac.jp/html/2024/0260/10260400000.html,本講義はバロック期（17世紀～18世紀前半）のヨーロッパで制作されたオペラを主題とする。オペラ誕生の経緯と初期オペラについて概観し，現代の標準レパートリーとなっているモーツァルト以降のオペラ作品よりも前の時代のオペラの展開について歴史的に理解することを目指す。視聴覚資料を用いながら具体的な作品に即して講義を進める。,['大愛\u3000崇晴'],"(木曜日4講時)
面接/Face-to-face","10260400 
△音楽学概論Ⅰ (初期オペラ史)
Introduction to Musicology I
2単位/Unit  秋学期/Fall  今出川/Imadegawa  講義/Lecture","実施時期
/Week 授業回/Number of Lesson 授業実施方法
/How to conduct a Lesson 授業実施時間数
/Class Hours
内容/Contents
授業時間外の学習/Assignments
第１週　DO Week
第１回 オンデマンド（動画視聴）/On-demand(watching video)
90 分/min
導入：オペラとは何か
参考文献を読んで理解を深める。CD等で音楽に触れる。
第１週　DO Week
第２回 オンデマンド（動画視聴）/On-demand(watching video)
90 分/min
西洋音楽史の流れの概観
同上
第2週
第３回 面接/Face-to-face
90 分/min
フィレンツェのカメラータの活動とオペラの誕生（１）
同上
第3週
第４回 面接/Face-to-face
90 分/min
フィレンツェのカメラータの活動とオペラの誕生（２）
同上
第4週
第５回 面接/Face-to-face
90 分/min
モンテヴェルディの創作活動とオペラ（１）
同上
第5週
第６回 面接/Face-to-face
90 分/min
モンテヴェルディの創作活動とオペラ（２）
同上
第6週
第７回 面接/Face-to-face
90 分/min
モンテヴェルディの創作活動とオペラ（３）
同上
第7週
第８回 面接/Face-to-face
90 分/min
後期バロックのイタリア・オペラとヘンデル（１）
同上
第8週
第９回 面接/Face-to-face
90 分/min
後期バロックのイタリア・オペラとヘンデル（２）
同上
第9週
第１０回 面接/Face-to-face
90 分/min
後期バロックのイタリア・オペラとヘンデル（３）
同上
第10週
第１１回 面接/Face-to-face
90 分/min
リュリとフランスの音楽悲劇（１）
同上
第11週
第１２回 面接/Face-to-face
90 分/min
リュリとフランスの音楽悲劇（２）
同上
第12週
第１３回 面接/Face-to-face
90 分/min
ラモーのオペラ=バレエ
同上
第13週
第１４回 面接/Face-to-face
90 分/min
グルックの改革オペラ
同上
第14週
第１５回 面接/Face-to-face
90 分/min
１８世紀の喜劇的なイタリア・オペラ
同上"
10260401000,"○音楽学概論Ⅱ(交響曲の歴史)
Introduction to Musicology II",https://syllabus.doshisha.ac.jp/html/2024/0260/10260401000.html,18世紀末から現在に至るまで器楽の中心的なジャンルとみなされてきた交響曲の歴史を概観する。ハイドン，ベートーヴェンなど古典派の交響曲を中心に，18世紀の初期の交響曲から19世紀ロマン派の交響曲までを扱う予定。譜例を読み解きつつ，音響・映像資料を用いて個々の作品を視聴しながら，講義を進めていく。,['大愛\u3000崇晴'],"(木曜日4講時)
面接/Face-to-face","10260401 
○音楽学概論Ⅱ (交響曲の歴史)
Introduction to Musicology II
2単位/Unit  春学期/Spring  今出川/Imadegawa  講義/Lecture","実施時期
/Week 授業回/Number of Lesson 授業実施方法
/How to conduct a Lesson 授業実施時間数
/Class Hours
内容/Contents
授業時間外の学習/Assignments
第１週　DO Week
第１回 オンデマンド（動画視聴）/On-demand(watching video)
90 分/min
導入：交響曲とは何か
参考文献を読んで理解を深める。
CD・演奏会などで音楽に触れる。
第１週　DO Week
第２回 オンデマンド（動画視聴）/On-demand(watching video)
90 分/min
18世紀における音楽様式の変化とソナタ形式
同上
第2週
第３回 面接/Face-to-face
90 分/min
交響曲の起源と18世紀におけるその展開（１）
同上
第3週
第４回 面接/Face-to-face
90 分/min
交響曲の起源と18世紀におけるその展開（２）
同上
第4週
第５回 面接/Face-to-face
90 分/min
ハイドンの交響曲（１）
同上
第5週
第６回 面接/Face-to-face
90 分/min
ハイドンの交響曲（２）
同上
第6週
第７回 面接/Face-to-face
90 分/min
モーツァルトの交響曲（１）
同上
第7週
第８回 面接/Face-to-face
90 分/min
モーツァルトの交響曲（２）
同上
第8週
第９回 面接/Face-to-face
90 分/min
ベートーヴェンの交響曲（１）
同上
第9週
第10回 面接/Face-to-face
90 分/min
ベートーヴェンの交響曲（２）
同上
第10週
第11回 面接/Face-to-face
90 分/min
ベートーヴェンの交響曲（３）
同上
第11週
第12回 面接/Face-to-face
90 分/min
前期ロマン派の交響曲（１）
同上
第12週
第13回 面接/Face-to-face
90 分/min
前期ロマン派の交響曲（２）
同上
第13週
第14回 面接/Face-to-face
90 分/min
後期ロマン派の交響曲（１）
同上
第14週
第15回 面接/Face-to-face
90 分/min
後期ロマン派の交響曲（２）
同上"
10260402000,"○演劇学概論Ⅰ
Introduction to Theater I",https://syllabus.doshisha.ac.jp/html/2024/0260/10260402000.html,"舞台芸術の歴史を概観し，有名な作品や基礎的な概念を学びます。そして，なぜその表現方法が生じたのか，また自分たちが生きる時代とどのように関連しているのか，などの考察につなげます。

授業の中では映像資料を使います。
また，観劇をして小レポートを提出する課題があります。公演情報については授業の中で案内します。",['岡田\u3000蕗子'],"(火曜日2講時)
面接/Face-to-face","10260402 
○演劇学概論Ⅰ
Introduction to Theater I
2単位/Unit  春学期/Spring  今出川/Imadegawa  講義/Lecture","実施時期
/Week 授業回/Number of Lesson 授業実施方法
/How to conduct a Lesson 授業実施時間数
/Class Hours
内容/Contents
授業時間外の学習/Assignments
第１週　DO Week
1 オンデマンド（動画視聴）/On-demand(watching video)
90 分/min
イントロダクション－「舞台芸術」とはなにか
身の回りにどのような舞台芸術があるのか，調べてみる。
第2週
2 面接/Face-to-face
90 分/min
「悲劇」の誕生－古代ギリシャ演劇
参考資料を読んで知識を補ったり，観劇や舞台芸術映像の鑑賞を行い多様な舞台の在り方に触れたりして，授業内で得た知識を自主的に補完する。
第3週
3 面接/Face-to-face
90 分/min
シェイクスピアの諸作品
参考資料を読んで知識を補ったり，観劇や舞台芸術映像の鑑賞を行い多様な舞台の在り方に触れたりして，授業内で得た知識を自主的に補完する。
第4週
4 面接/Face-to-face
90 分/min
喜劇の歴史－ローマ喜劇からコメディアデラルテまで
参考資料を読んで知識を補ったり，観劇や舞台芸術映像の鑑賞を行い多様な舞台の在り方に触れたりして，授業内で得た知識を自主的に補完する。
第5週
5 面接/Face-to-face
90 分/min
日本の古典演劇の基礎（１）－能・狂言
参考資料を読んで知識を補ったり，観劇や舞台芸術映像の鑑賞を行い多様な舞台の在り方に触れたりして，授業内で得た知識を自主的に補完する。
第6週
6 面接/Face-to-face
90 分/min
日本の古典演劇の基礎（２）－人形浄瑠璃・歌舞伎
参考資料を読んで知識を補ったり，観劇や舞台芸術映像の鑑賞を行い多様な舞台の在り方に触れたりして，授業内で得た知識を自主的に補完する。
第7週
7 面接/Face-to-face
90 分/min
フランスの古典主義演劇－「三単一の法則」とは？
参考資料を読んで知識を補ったり，観劇や舞台芸術映像の鑑賞を行い多様な舞台の在り方に触れたりして，授業内で得た知識を自主的に補完する。
第8週
8 面接/Face-to-face
90 分/min
バレエ・ダンスの歴史
参考資料を読んで知識を補ったり，観劇や舞台芸術映像の鑑賞を行い多様な舞台の在り方に触れたりして，授業内で得た知識を自主的に補完する。
第9週
9 面接/Face-to-face
90 分/min
近代の演劇（1）－ルネサンスから近代リアリズム演劇へ
参考資料を読んで知識を補ったり，観劇や舞台芸術映像の鑑賞を行い多様な舞台の在り方に触れたりして，授業内で得た知識を自主的に補完する。
第10週
10 面接/Face-to-face
90 分/min
近代の演劇（2）－西欧の劇場史と演技論，アメリカでのリアリズム演劇の展開
参考資料を読んで知識を補ったり，観劇や舞台芸術映像の鑑賞を行い多様な舞台の在り方に触れたりして，授業内で得た知識を自主的に補完する。
第11週
11 面接/Face-to-face
90 分/min
日本の近代演劇(1)－明治時代の演劇
参考資料を読んで知識を補ったり，観劇や舞台芸術映像の鑑賞を行い多様な舞台の在り方に触れたりして，授業内で得た知識を自主的に補完する。
第12週
12 面接/Face-to-face
90 分/min
日本の近代演劇(2)－新劇の展開
参考資料を読んで知識を補ったり，観劇や舞台芸術映像の鑑賞を行い多様な舞台の在り方に触れたりして，授業内で得た知識を自主的に補完する。
第13週
13 面接/Face-to-face
90 分/min
世界の実験演劇
参考資料を読んで知識を補ったり，観劇や舞台芸術映像の鑑賞を行い多様な舞台の在り方に触れたりして，授業内で得た知識を自主的に補完する。
第14週
14 面接/Face-to-face
90 分/min
日本の現代演劇
参考資料を読んで知識を補ったり，観劇や舞台芸術映像の鑑賞を行い多様な舞台の在り方に触れたりして，授業内で得た知識を自主的に補う。
授業期間終了後/After the Class Period
15 オンデマンド（動画視聴）/On-demand(watching video)
90 分/min
まとめ－授業のふりかえり，これからの舞台芸術史を考えるための諸課題
期末レポートを作成する。"
10260403000,△演劇学概論Ⅱ,https://syllabus.doshisha.ac.jp/html/2024/0260/10260403000.html,ドイツ演劇は，もとはフランス宮廷劇の影響下に発展してきたのであるが，国民国家としての統一の遅れや二度にわたる世界大戦での敗北とホロコーストへの反省，さらには移民や難民の流入等社会的および政治的変化を受けて，その都度その在り方が見直され，独自の変化を遂げてきた。またオーストリアやスイスの演劇も，ドイツや近隣諸国の演劇から影響を受けつつ，それぞれの社会情勢を反映して，固有の特徴を示すようになった。ドイツ語圏の演劇が，これまでその社会状況をいかにその中に反映し，同時にまた社会に対してその都度いかなる問いを投げかけあるいは働きかけをしてきたのかを，歴史的な流れを中心に学ぶことが本講義の目的である。,['北岡\u3000志織'],"(金曜日2講時)
面接/Face-to-face","10260403 
△演劇学概論Ⅱ

2単位/Unit  秋学期/Fall  今出川/Imadegawa  講義/Lecture","実施時期
/Week 授業回/Number of Lesson 授業実施方法
/How to conduct a Lesson 授業実施時間数
/Class Hours
内容/Contents
授業時間外の学習/Assignments
第１週　DO Week
1 オンデマンド（動画視聴）/On-demand(watching video)
90 分/min
「演劇とはなにか」
「演劇」というとき，我々はそのために何が必要だと考えるだろうか。理想の演劇，演劇のあるべき形は時代によって大きく変化する。初回はまずドイツ語圏における最新の演劇について紹介したうえで，その変化の歴史を概観する。
動画授業を見て，「演劇とは何か」という問いについて文献を参照し，具体例を挙げて自分の考えをまとめること（1時間）
第2週
2 面接/Face-to-face
90 分/min
「古代ギリシア演劇とアリストテレス『詩学』」
ヨーロッパ最古の文芸論アリストテレスの『詩学』はヨーロッパ演劇の歴史を学ぶ上で極めて重要である。授業ではアリストテレスが考える良い悲劇の条件と作劇法について学ぶ。
古代ギリシア演劇について図書館等で調べること（1時間）
第3週
3 面接/Face-to-face
90 分/min
「古代ギリシア演劇と現代ドイツ演劇」
現代ドイツ演劇で古代ギリシア悲劇の手法があえて用いられるとき，それはどのように実践され，どのような意味を持つのだろうか。2014年にハンブルク・タリア劇場で上演されたイェリネクの難民劇『庇護に委ねられた者たち』を例に考察する。
アイスキュロスの『嘆願する女たち』のテクストを読解し，イェリネクについて図書館等で調べること（1時間）
第4週
4 面接/Face-to-face
90 分/min
「18世紀までのドイツ演劇」
まず中世から18世紀までのドイツにおける演劇の変化・発展の歴史を概観する。そしてレッシングによる演劇改革について学ぶ。啓蒙主義者レッシングはこれまで主に宮廷の娯楽であった演劇を市民のために改革することを試みた。『賢者ナータン』等，レッシングによる戯曲を読み，彼の演劇理論を『詩学』と比較することでその新しさは何か，考察する。
レッシングとその作品について図書館等で調べること（1時間）
第5週
5 面接/Face-to-face
90 分/min
「18－19世紀のドイツ演劇」
啓蒙主義に対する反動として到来するシュトゥルム・ウント・ドランクとその後のヴァイマール古典主義，ロマン主義について複数の戯曲を読みながら比較し，社会の変化に伴う戯曲のモチーフやスタイルの変化について学ぶ。
シュトゥルム・ウント・ドランクやヴァイマール古典主義，ロマン主義について図書館で調べること（1時間）
第6週
6 面接/Face-to-face
90 分/min
「ドイツ自然主義演劇」
現実社会を容赦なく描こうという自然主義が，フランスのゾラやノルウェーのイプセンの影響で19世紀後半にドイツでも流行する。ハウプトマンの『日の出前』を読み，自然主義が流行した社会的・思想的背景についても学ぶとともに，この時代に生まれた新たな演劇理論についても学ぶ。
自然主義について図書館で調べること（1時間）
第7週
7 面接/Face-to-face
90 分/min
「ウィーン世紀末演劇・ドイツ表現主義演劇①」
19世紀末オーストリア＝ハンガリー帝国の首都ウィーンでは，ドイツの自然主義とは異なる退廃的で精神面を重視した作品が多数生み出される。「性」や「夢」というモチーフに注目しながら複数の作品を考察する。また，ドイツで生じた反自然主義的な試みの先駆者として，ヴェデキントの作品を紹介し，自然主義文学の特徴と比較しながらその新しさとは何か，考察する。
ウィーン世紀末演劇やヴェデキントについて図書館等で調べること（1時間）
第8週
8 面接/Face-to-face
90 分/min
「ドイツ表現主義演劇②・映画」
1920年ごろから自然主義への反動として表現主義演劇が流行する。表現主義の特徴ともいえる「群衆」の表現に注目しながらカイザー『朝から夜中まで』やラング『メトロポリス』等の作品を考察する。
ドイツ表現主義演劇について図書館等で調べること（1時間）
第9週
9 面接/Face-to-face
90 分/min
「ブレヒトと異化効果①」
ブレヒトの演劇理論を学び，『三文オペラ』を読解，上演を鑑賞し，そこに「異化」の手法がいかに用いられているのかを考察する。
ブレヒト作品や彼の演劇理論について図書館等で調べること（1時間）
第10週
10 面接/Face-to-face
90 分/min
「ブレヒトと異化効果②」
『アルトゥロ・ウイの興隆』を読み，上演を鑑賞し，「異化」の手法がいかに用いられているのか考察する。
ブレヒト作品や彼の演劇理論について図書館等で調べること（1時間）
第11週
11 面接/Face-to-face
90 分/min
「ホロコーストと演劇」
ホロコーストという過去と向き合い，伝えていくためにドイツでは新たな文学・演劇手法が生み出された。ヴァイスの『追究』を読み，作品成立の背景やドキュメンタリー演劇の手法と理論について学ぶ。
ホロコーストと演劇について図書館等で調べること（1時間）
第12週
12 面接/Face-to-face
90 分/min
「戦後スイスの寓意劇」
ドイツ演劇では「真実」を舞台に持ち込むということが戦後とりわけ重視される。一方，戦後スイスでは寓意劇が流行する。フリッシュの『アンドラ』，デュレンマットの『老貴婦人の訪問』を読み，その手法やそれが生み出された社会的背景についても考える。
スイス演劇について図書館等で調べること（1時間）
第13週
13 面接/Face-to-face
90 分/min
「68年と演劇」
68年運動は演劇にも大きな影響を与え，既存の演劇制度に対する懐疑と批判をもたらした。ハントケの『観客罵倒』等，68年と関連する戯曲・上演について学ぶ。
68年運動とこの時代の演劇について図書館等で調べること（1時間）
第14週
14 面接/Face-to-face
90 分/min
「ドラマ演劇を超えて」
70年代以降，ドイツでは既存の「ドラマ」の概念の枠には収まらないような演劇が多数生み出されている。観客参加型の演劇やドキュメンタリー演劇等，複数の前衛的な上演を鑑賞し，我々はいかにそのような新たな演劇的試みを演劇史上に位置づけ，分析・考察することが可能なのかを考える。
『ポストドラマ演劇』等，現代のドイツ演劇について本や文献資料を図書館やインターネット等で探し，読んでおくこと（1時間）
授業期間終了後/After the Class Period
15 オンデマンド（動画視聴）/On-demand(watching video)
90 分/min
まとめ
これまでの授業の総括及び期末レポートのフィードバックを行う。出席学生の関心に合わせて適宜新たな作品や重要な文献についての紹介・解説も行う予定である。
期末レポートの振り返りと反省を行う（1時間）"
10260404000,"○映画学概論Ⅰ(ドキュメンタリー映画を考える)
Introduction to Cinema I (About Documentary)",https://syllabus.doshisha.ac.jp/html/2024/0260/10260404000.html,本講義では，ドキュメンタリー映画の「複数の」歴史について学ぶ。前半はエリック・バーナウの『ドキュメンタリー映画史』とパトリシア・アウフダーハイデの小冊子『Documentary Film: A Very Short Introduction』を中心に据えながら，ドキュメンタリー映画における歴史，定義，ジャンル，スタイルについて学ぶ。後半は，主に2011年以後の日本のドキュメンタリー映画について，教科書『No Nukes:〈ポスト3.11〉映画の力・アートの力』を水先案内としながら学習する。学生はこれら3冊の教科書を必ず購入すること。,['MITSUYO WADA MARCIANO'],"(水曜日4講時)
面接/Face-to-face","10260404 
○映画学概論Ⅰ (ドキュメンタリー映画を考える)
Introduction to Cinema I -About Documentary-
2単位/Unit  春学期/Spring  今出川/Imadegawa  講義/Lecture","実施時期
/Week 授業回/Number of Lesson 授業実施方法
/How to conduct a Lesson 授業実施時間数
/Class Hours
内容/Contents
授業時間外の学習/Assignments
第１週　DO Week
Week 1 オンデマンド（動画視聴）/On-demand(watching video)
90 分/min
Introduction
必要に応じ質疑応答
第2週
Week 2 面接/Face-to-face
90 分/min
ロバート・J・フラハティ + 動きだす映像

Screening:
Nanook of the North (極北のナヌーク, 1922, dir. Robert. J. Flaherty), 1h 18min.
Reading:
エリック・バーナウ，「2　動きだす映像」，『ドキュメンタリー映画史』安原和見訳（筑摩書房，2015年）pp.38-91。
第3週
Week 3 面接/Face-to-face
90 分/min
ジガ・ヴェルトフ ＋ ロシアin the 1910ｓ＆1920ｓ

SScreening:
Man with a Movie Camera (カメラを持った男, 1929, dir. Dziga Vertov), 67 min.
Reading:
エリック・バーナウ，「3　音声と怒り」，『ドキュメンタリー映画史』安原和見訳（筑摩書房，2015年）pp.94-200。
第4週
Week 4 面接/Face-to-face
90 分/min
レニ・リーフェンシュタール + 音声と怒り　II

Screening:
Triumph of the Will (意思の勝利, 1935, dir. Leni Riefenstahl), 1h 54min.
Reading:
エリック・バーナウ，「4　 曇ったレンズ」，『ドキュメンタリー映画史』安原和見訳（筑摩書房，2015年）pp.202-250。
第5週
Week 5 面接/Face-to-face
90 分/min
フレデリック・ワイズマン + 絞られた焦点

Screening:
Titicut Follies (1967, dir. Frederick Wiseman), 1h 24min.
Reading:
エリック・バーナウ，「5　絞られた焦点」，『ドキュメンタリー映画史』安原和見訳（筑摩書房，2015年）pp.252-322。
第6週
Week 6 面接/Face-to-face
90 分/min
ドキュメンタリーを定義する + ドキュメンタリー映画のサブ・ジャンル

Discussion on Readings —Patricia Aufderheide. Documentary Film: A Very Short Introduction (Oxford University Press, 2007)

ドキュメンタリーを定義する
ネーミングの問題
discussion 1

Form/形式の問題
discussion 2

創設者たち
discussion 3

Cinéma verité とは？
discussion 4

Screening:
Night and Fog (1956, dir. Alain Resnais), 32min.
Patricia Aufderheide. Documentary Film: A Very Short Introduction (Oxford University Press, 2007)　この本の以下4章分を手分けをして読むことになります。子細はweek1で説明します。

1.ドキュメンタリーを定義する
ネーミングの問題
2.Form/形式の問題
3.創設者たち
4.Cinéma verité とは？
第7週
Week 7 面接/Face-to-face
90 分/min
ドキュメンタリーを定義する + ドキュメンタリー映画のサブ・ジャンル

Discussion on Readings —Patricia Aufderheide. Documentary Film: A Very Short Introduction (Oxford University Press, 2007)

ドキュメンタリー映画の下部ジャンル
Public Affairs
discussion 5

政府によるPropaganda
discussion 6

Advocacy (弁護・支持・唱道)
discussion 7

Historical
discussion 8

Ethnographic
discussion 9

Nature
discussion 10

Screening:
この週はスクリーニングはありません。
Patricia Aufderheide. Documentary Film: A Very Short Introduction (Oxford University Press, 2007)　この本の以下6章分を手分けをして読むことになります。子細はweek1で説明します。In class quiz 1のための復習。

1.Public Affairs
2.政府によるPropaganda
3.Advocacy (弁護・支持・唱道)
4.Historical
5.Ethnographic
6.Nature
第8週
Week 8 面接/Face-to-face
90 分/min
In class quiz 1
必要に応じ質疑応答
第9週
Week 9 面接/Face-to-face
90 分/min
No Nukes: 序章
No Nukes：第一章 フクシマ以前のNO NUKES

Screening:
福島の原子力 (1977, dir. 日映科学映画製作所), 27min.
No Nukes: 序章と第一章
第10週
Week 10 面接/Face-to-face
90 分/min
No Nukes：第二章 3．11をまたぐ

Screening:
ミツバチの羽音と地球の回転 (2010, dir. 鎌仲ひとみ), 1h 56min. —excerpt
No Nukes：第二章
第11週
Week 11 面接/Face-to-face
90 分/min
No Nukes：第三章 「原子力ムラ」に抗する

Screening:
日本と原発 (2014, dir. 河合弘之), 2h 15min. —excerpt
No Nukes：第三章
第12週
Week 12 面接/Face-to-face
90 分/min
No Nukes：第四章　インタビューの力

Screening:
なみのおと (2011, dir. 濱口竜介), 2h 22min. —excerpt
No Nukes：第四章
第13週
Week 13
150 分/min
フィールドワーク。京都市内の映画館（京都シネマ，UPLINK，出町座　等）で上映しているドキュメンタリー映画を一作各自で見に行く。どの作品を見るかは，自分が興味のある作品を選んでください。よって，この週は教室に来て授業に参加する必要はありません。
同上
第14週
Week 14 面接/Face-to-face
90 分/min
In class quiz 2
必要に応じ質疑応答
授業期間終了後/After the Class Period
Week 15 オンデマンド（動画視聴）/On-demand(watching video)
30 分/min
まとめ
必要に応じ質疑応答"
10260405000,"△映画学概論Ⅱ
Introduction to Cinema II",https://syllabus.doshisha.ac.jp/html/2024/0260/10260405000.html,本講義では，映画学の基礎概念，特に映画監督の「演出（＝ミザンセン）」の巧みな技に触れることによって，映画作品の意味がいかに組み立てられているかのを，映像を具体的にみて見て徹底的に解説してゆく。後半では映画アーカイブにおける活動内容や復元プロジェクトの歴史を解説し，映画フィルムが大切な文化財でもあることを解説する。,['板倉\u3000史明'],"(水曜日5講時)
面接/Face-to-face","10260405 
△映画学概論Ⅱ
Introduction to Cinema II
2単位/Unit  秋学期/Fall  今出川/Imadegawa  講義/Lecture","実施時期
/Week 授業回/Number of Lesson 授業実施方法
/How to conduct a Lesson 授業実施時間数
/Class Hours
内容/Contents
授業時間外の学習/Assignments
第１週　DO Week
1回目 オンデマンド（動画視聴）/On-demand(watching video)
90 分/min
映画学とはなにか？専門用語の解説，演出とは何か（イントロ）
授業時に映像を見て課題に対するコメントを提出してもらう場合がある
第2週
2回目 面接/Face-to-face
90 分/min
演出の7つの要素を総合的に解説（セット，小道具，衣装・メイク，演技とステージング，編集，撮影と照明，音）
授業時に映像を見て課題に対するコメントを提出してもらう場合がある
第3週
3回目 面接/Face-to-face
90 分/min
1940年代から1950年代のハリウッド映画や日本映画の一部を見て，演出の特徴を分析的に見つける練習を行う。
授業時に映像を見て課題に対するコメントを提出してもらう場合がある
第4週
4回目 面接/Face-to-face
90 分/min
俳優の演技の特徴を見つけるための見方を，映画学の先行研究に基づき解説する。どのタイミングで俳優を動かすかというステージングの重要さも解説する。
授業時に映像を見て課題に対するコメントを提出してもらう場合がある
第5週
5回目 面接/Face-to-face
90 分/min
演技論の続きで，1940年代のハリウッド映画における”無駄のない”演技から，1950年代に生まれたメソッド演技における「余計な演技」への演技スタイルの変化を解説する。
授業時に映像を見て課題に対するコメントを提出してもらう場合がある
第6週
6回目 面接/Face-to-face
90 分/min
編集の重要を，初期映画の時代の発展，クレショフ効果，コンティニュイティ編集の重要さなどを題材に解説する。
授業時に映像を見て課題に対するコメントを提出してもらう場合がある
第7週
7回目 面接/Face-to-face
90 分/min
映画における音の演出について，音楽，効果音，声の分類をはじめ，「物語世界内の音」や「フレーム外の音」といった映画学における専門用語を解説しながらより深く理解するスキルを身につける。
授業時に映像を見て課題に対するコメントを提出してもらう場合がある
第8週
8回目 面接/Face-to-face
90 分/min
映画の音についての応用編として，ミュージックビデオの音の使い方の分析をいくつか行い，参加者に回答してもらう。
授業時に映像を見て課題に対するコメントを提出してもらう場合がある
第9週
9回目 面接/Face-to-face
90 分/min
アイトラッキング（視線測定）を使った認知科学的映画研究の最近の成果について解説。映像を見るときの人間の注意の問題を考察する。
授業時に映像を見て課題に対するコメントを提出してもらう場合がある
第10週
10回目 面接/Face-to-face
90 分/min
日本のアニメーション映画の歴史を1917年から戦時中まで解説する。特に奥行き表現に注目して具体的な演出法について解説する。
課題の映像を家で見て演出の特徴を小レポートで提出してもらう
第11週
11回目 面接/Face-to-face
90 分/min
戦後の日本のアニメーション映画について，とくに1950年代の東映動画の役割を解説するほか，1960年代以降のテレビアニメの台頭，そしてテレビアニメ独自の表現方法を解説する。
授業時に映像を見て課題に対するコメントを提出してもらう場合がある
第12週
12回目 面接/Face-to-face
90 分/min
普段あまりメディアで紹介されることのない映画アーカイブの役割を解説（収集・保存・上映）し，デジタル時代のいまだからこそ映画フィルムの保存が重要であることを説明する。
授業時に映像を見て課題に対するコメントを提出してもらう場合がある
第13週
13回目 面接/Face-to-face
90 分/min
最新のデジタル技術を使って劣化映像を修復する映画復元のプロジェクトが世界のアーカイブで実践されている。その原理や魅力を解説する。
授業時に映像を見て課題に対するコメントを提出してもらう場合がある
第14週
14回目 面接/Face-to-face
90 分/min
映画アーカイブのおけるフィルム発見の歴史，戦争における敵国財産の接収など，映画アーカイブと政治との関係を解説する。
授業時に映像を見て課題に対するコメントを提出してもらう場合がある
授業期間終了後/After the Class Period
15回目 オンデマンド（動画視聴）/On-demand(watching video)
90 分/min
全体のまとめおよび質疑応答。
授業時に映像を見て課題に対するコメントを提出してもらう場合がある"
10260406000,"○デザイン理論Ⅰ
Design Theory I",https://syllabus.doshisha.ac.jp/html/2024/0260/10260406000.html,モダン・デザインの成立と展開，非モダン・デザインの潮流，ポスト・モダン・デザインの成立，その後，現在に至るまでの現代デザインの諸傾向を，スタイリング，コンセプト，社会条件といった3つの視点から明らかにする。,['永井\u3000隆則'],"(月曜日6講時)
面接/Face-to-face","10260406 
○デザイン理論Ⅰ
Design Theory I
2単位/Unit  春学期/Spring  今出川/Imadegawa  講義/Lecture","実施時期
/Week 授業回/Number of Lesson 授業実施方法
/How to conduct a Lesson 授業実施時間数
/Class Hours
内容/Contents
授業時間外の学習/Assignments
第１週　DO Week
1 オンデマンド（動画視聴）/On-demand(watching video)
90 分/min
ガイダンス，デザインとは何か？
https://us06web.zoom.us/rec/share/W2cJcIlQadLfOj6pf-NZ6MXNWSFNp6JYNaj0sJDcWQUaMhc_Ryg2cqLO6J4GaAWZ.Xe2L5rfoJJteA8t5
教科書の予習復習
第2週
2
面接/Face-to-face
90 分/min
デザイン史とは何か？
教科書の予習復習
第3週
3 面接/Face-to-face
90 分/min
ウイリアム・モリスのデザイン
教科書の予習復習
第4週
4 面接/Face-to-face
90 分/min
ベルギー・フランスのアール・ヌーヴォー
教科書の予習復習
第5週
5 面接/Face-to-face
90 分/min
グラスゴー派，ユーゲントシュティール
教科書の予習復習
第6週
6 面接/Face-to-face
90 分/min
ウイーン分離派
教科書の予習復習
第7週
7 面接/Face-to-face
90 分/min
ウイーン分離派
教科書の予習復習
第8週
8 面接/Face-to-face
90 分/min
ウイーン工房
教科書の予習復習
第9週
9 面接/Face-to-face
90 分/min
スペイン，アメリカ，日本のアール・ヌーヴォー，ジャポニスムのデザイン
教科書の予習復習
第10週
10 面接/Face-to-face
90 分/min
未来派とダダ
教科書の予習復習
第11週
11 面接/Face-to-face
90 分/min
アール・デコ，ピュリスム
教科書の予習復習
第12週
12 面接/Face-to-face
90 分/min
デ・スティルとロシア・アヴァンギャルド
教科書の予習復習
第13週
13 面接/Face-to-face
90 分/min
ドイツ工作連盟とバウハウス
教科書の予習復習
第14週
14 面接/Face-to-face
90 分/min
北欧のデザイン，スタイリング・デザイン
教科書の予習復習
授業期間終了後/After the Class Period
15 オンデマンド（動画視聴）/On-demand(watching video)
90 分/min
ポスト・モダン・デザイン，ポスト・モダン・デザイン後の現代デザインの諸傾向
教科書の予習復習"
10260407000,"△デザイン理論Ⅱ
Design Theory II",https://syllabus.doshisha.ac.jp/html/2024/0260/10260407000.html,"デザインとは，格好良く，適切に機能し，人を魅了するものを作り出す方法や技術を意味するだけではありません。その歴史を紐解いてみると，「かたち」を作る（スタイリング）とは正反対の流れ，すなわち，すでに作られたものを疑問視したり，場合によっては解体してしまうような傾向とともにあることがわかります。
この授業では，一般的な通史では見えにくい，このような「根幹を問う」近代デザインのありようを，概念史，こども，現実とのかかわりという三つの視点からみなさんとじっくり検討していきます。",['鯖江\u3000秀樹'],"(水曜日5講時)
面接/Face-to-face","10260407 
△デザイン理論Ⅱ
Design Theory II
2単位/Unit  秋学期/Fall  今出川/Imadegawa  講義/Lecture","実施時期
/Week 授業回/Number of Lesson 授業実施方法
/How to conduct a Lesson 授業実施時間数
/Class Hours
内容/Contents
授業時間外の学習/Assignments
第１週　DO Week
第1回 オンデマンド（動画視聴）/On-demand(watching video)
90 分/min
イントロダクション：本講義のテーマ，授業の進め方とルール，評価方法・基準の共有
講義中に紹介した図版，解説をノートに書き留めておく。それらの情報を手がかりにして，関心のある事項を授業内で紹介した文献で理解を深め，かつそれらについてインターネットでチェックする。
第2週
第2回 面接/Face-to-face
90 分/min
本講義の全体像について：各回のダイジェストによる論点の整理，および作品分析方法の解説
講義中に紹介した図版，解説をノートに書き留めておく。それらの情報を手がかりにして，関心のある事項を授業内で紹介した文献で理解を深め，かつそれらについてインターネットでチェックする。
第3週
第3回 面接/Face-to-face
90 分/min
デザイン理念の交通整理（１）前近代
講義中に紹介した図版，解説をノートに書き留めておく。それらの情報を手がかりにして，関心のある事項を授業内で紹介した文献で理解を深め，かつそれらについてインターネットでチェックする。
第4週
第4回 面接/Face-to-face
90 分/min
デザイン理念の交通整理（２）20世紀前半
講義中に紹介した図版，解説をノートに書き留めておく。それらの情報を手がかりにして，関心のある事項を授業内で紹介した文献で理解を深め，かつそれらについてインターネットでチェックする。
第5週
第5回 面接/Face-to-face
90 分/min
デザイン理念の交通整理（３）20世紀後半
講義中に紹介した図版，解説をノートに書き留めておく。それらの情報を手がかりにして，関心のある事項を授業内で紹介した文献で理解を深め，かつそれらについてインターネットでチェックする。
第6週
第6回 面接/Face-to-face
90 分/min
こどもと／のデザイン（１）児童教育少史
講義中に紹介した図版，解説をノートに書き留めておく。それらの情報を手がかりにして，関心のある事項を授業内で紹介した文献で理解を深め，かつそれらについてインターネットでチェックする。
第7週
第7回 面接/Face-to-face
90 分/min
こどもと／のデザイン（２）都市と社会の改良
講義中に紹介した図版，解説をノートに書き留めておく。それらの情報を手がかりにして，関心のある事項を授業内で紹介した文献で理解を深め，かつそれらについてインターネットでチェックする。
第8週
第8回 面接/Face-to-face
90 分/min
こどもと／のデザイン（３）教育メソッドとものづくり
講義中に紹介した図版，解説をノートに書き留めておく。それらの情報を手がかりにして，関心のある事項を授業内で紹介した文献で理解を深め，かつそれらについてインターネットでチェックする。
第9週
第9回 面接/Face-to-face
90 分/min
こどもと／のデザイン（４）幼い造形
講義中に紹介した図版，解説をノートに書き留めておく。それらの情報を手がかりにして，関心のある事項を授業内で紹介した文献で理解を深め，かつそれらについてインターネットでチェックする。
第10週
第10回 面接/Face-to-face
90 分/min
デザインと／のリアル（１）イタリアン・ラディカル・デザイン
講義中に紹介した図版，解説をノートに書き留めておく。それらの情報を手がかりにして，関心のある事項を授業内で紹介した文献で理解を深め，かつそれらについてインターネットでチェックする。
第11週
第11回 面接/Face-to-face
90 分/min
デザインと／のリアル（２）生きるためのデザイン
講義中に紹介した図版，解説をノートに書き留めておく。それらの情報を手がかりにして，関心のある事項を授業内で紹介した文献で理解を深め，かつそれらについてインターネットでチェックする。
第12週
第12回 面接/Face-to-face
90 分/min
デザインと／のリアル（３）原形とは何か
講義中に紹介した図版，解説をノートに書き留めておく。それらの情報を手がかりにして，関心のある事項を授業内で紹介した文献で理解を深め，かつそれらについてインターネットでチェックする。
第13週
第13回 面接/Face-to-face
90 分/min
デザインと／のリアル（４）戸田ツトムとDTP
講義中に紹介した図版，解説をノートに書き留めておく。それらの情報を手がかりにして，関心のある事項を授業内で紹介した文献で理解を深め，かつそれらについてインターネットでチェックする。
第14週
第14回 面接/Face-to-face
90 分/min
検討してきた三つの視点の総まとめとそれらの視点の活用法
講義中に紹介した図版，解説をノートに書き留めておく。それらの情報を手がかりにして，関心のある事項を授業内で紹介した文献で理解を深め，かつそれらについてインターネットでチェックする。
授業期間終了後/After the Class Period
第15回 オンデマンド（動画視聴）/On-demand(watching video)
90 分/min
小論文テストの振り返りを共有し，他の受講生がどのような視点を持っているのかを把握することで，他者理解を深める。
講義中に紹介した図版，解説をノートに書き留めておく。それらの情報を手がかりにして，関心のある事項を授業内で紹介した文献で理解を深め，かつそれらについてインターネットでチェックする。"
10260408000,"△文芸学概論Ⅰ
Introduction to Study of Literature I",https://syllabus.doshisha.ac.jp/html/2024/0260/10260408000.html,ルネサンス期以降の西洋美術は，古代ギリシアのアリストテレス『詩学』を理論的基盤として発展した。権威として認められるような古代の美術論が存在しなかったため，絵画についても言及のある『詩学』が援用されたわけである。やがて近代になってその古典的な理論はくつがえされることになるが，その近代の理論が古代の理論を乗り越える形で成立したことを思えば，『詩学』の影響は肯定的にであれ否定的にであれ，西洋美術の伝統の中で絶大なものであったといえる。この講義では『詩学』が成立する背景となる古典文学の様相から概説し，文学のみならず美術にも多大な影響力をもった古典詩学について紹介していく。,['伊達\u3000立晶'],"(金曜日4講時)
面接/Face-to-face","10260408 
△文芸学概論Ⅰ
Introduction to Study of Literature I
2単位/Unit  秋学期/Fall  今出川/Imadegawa  講義/Lecture","実施時期
/Week 授業回/Number of Lesson 授業実施方法
/How to conduct a Lesson 授業実施時間数
/Class Hours
内容/Contents
授業時間外の学習/Assignments
第１週　DO Week
1 オンデマンド（動画視聴）/On-demand(watching video)
90 分/min
導入：芸術学における文芸学の位置
講義内容を十分に理解するために，適宜，復習すること。
第2週
2 面接/Face-to-face
90 分/min
詩の形式，韻律
講義内容を十分に理解するために，適宜，復習すること。
第3週
3 面接/Face-to-face
90 分/min
詩のジャンル：叙事詩（1）
講義内容を十分に理解するために，適宜，復習すること。
第4週
4 面接/Face-to-face
90 分/min
詩のジャンル：叙事詩（2）
講義内容を十分に理解するために，適宜，復習すること。
第5週
5 面接/Face-to-face
90 分/min
詩のジャンル：叙事詩（3）
講義内容を十分に理解するために，適宜，復習すること。
第6週
6 面接/Face-to-face
90 分/min
詩のジャンル：抒情詩
講義内容を十分に理解するために，適宜，復習すること。
第7週
7 面接/Face-to-face
90 分/min
詩のジャンル：劇詩（悲劇）
講義内容を十分に理解するために，適宜，復習すること。
第8週
8 面接/Face-to-face
90 分/min
詩のジャンル：劇詩（喜劇）
講義内容を十分に理解するために，適宜，復習すること。
第9週
9 面接/Face-to-face
90 分/min
古代の詩論：詩的霊感論
講義内容を十分に理解するために，適宜，復習すること。
第10週
10 面接/Face-to-face
90 分/min
古代の詩論：プラトンの詩的霊感論と詩人追放論
講義内容を十分に理解するために，適宜，復習すること。
第11週
11 面接/Face-to-face
90 分/min
古代の詩論：アリストテレス『詩学』（模倣論）
講義内容を十分に理解するために，適宜，復習すること。
第12週
12 面接/Face-to-face
90 分/min
古代の詩論：アリストテレス『詩学』（各ジャンル間の関係と悲劇論）
講義内容を十分に理解するために，適宜，復習すること。
第13週
13 面接/Face-to-face
90 分/min
古代の詩論：ホラティウス『詩法』，および弁論術
講義内容を十分に理解するために，適宜，復習すること。
第14週
14 面接/Face-to-face
90 分/min
古代の詩論の後世の詩論・絵画論への影響（1）
講義内容を十分に理解するために，適宜，復習すること。
授業期間終了後/After the Class Period
15 オンデマンド（動画視聴）/On-demand(watching video)
90 分/min
古代の詩論の後世の詩論・絵画論への影響（2）
講義内容を十分に理解するために，適宜，復習すること。"
10260409000,"○文芸学概論Ⅱ
Introduction to Study of Literature II",https://syllabus.doshisha.ac.jp/html/2024/0260/10260409000.html,自然模倣論を基盤とする古代の詩論は，文芸のみならず美術においても後世の規範とされた。だがその根強い古典的伝統は様々な形で克服が求められ，多様な運動，作品を生み出すこととなる。この講義では，美術史の動向をも視野に入れつつ，西洋の文芸思潮の変遷について検討していく。,['伊達\u3000立晶'],"(金曜日4講時)
面接/Face-to-face","10260409 
○文芸学概論Ⅱ
Introduction to Study of Literature II
2単位/Unit  春学期/Spring  今出川/Imadegawa  講義/Lecture","実施時期
/Week 授業回/Number of Lesson 授業実施方法
/How to conduct a Lesson 授業実施時間数
/Class Hours
内容/Contents
授業時間外の学習/Assignments
第１週　DO Week
1 オンデマンド（動画視聴）/On-demand(watching video)
90 分/min
古代の詩論
講義内容を十分に理解するために，適宜，復習すること。
第2週
2 面接/Face-to-face
90 分/min
不死の魂と天球の音楽
講義内容を十分に理解するために，適宜，復習すること。
第3週
3 面接/Face-to-face
90 分/min
中世の学問体系とルネサンス期の詩画比較論
講義内容を十分に理解するために，適宜，復習すること。
第4週
4 面接/Face-to-face
90 分/min
新プラトン主義の展開
講義内容を十分に理解するために，適宜，復習すること。
第5週
5 面接/Face-to-face
90 分/min
イデア論のルネサンス的展開
講義内容を十分に理解するために，適宜，復習すること。
第6週
6 面接/Face-to-face
90 分/min
古典詩学から近代美学への変容
講義内容を十分に理解するために，適宜，復習すること。
第7週
7 面接/Face-to-face
90 分/min
イギリスの天才論
講義内容を十分に理解するために，適宜，復習すること。
第8週
8 面接/Face-to-face
90 分/min
16-17世紀の文化変容とバロック
講義内容を十分に理解するために，適宜，復習すること。
第9週
9 面接/Face-to-face
90 分/min
古典主義
講義内容を十分に理解するために，適宜，復習すること。
第10週
10 面接/Face-to-face
90 分/min
ドイツ・ロマン主義への展開
講義内容を十分に理解するために，適宜，復習すること。
第11週
11 面接/Face-to-face
90 分/min
イギリス経験論の自然観と文芸・芸術運動
講義内容を十分に理解するために，適宜，復習すること。
第12週
12 面接/Face-to-face
90 分/min
イギリス・ロマン主義への展開
講義内容を十分に理解するために，適宜，復習すること。
第13週
13 面接/Face-to-face
90 分/min
フランスの芸術思潮へのイギリス・ドイツの影響
講義内容を十分に理解するために，適宜，復習すること。
第14週
14 面接/Face-to-face
90 分/min
フランス・ロマン主義とその変容
講義内容を十分に理解するために，適宜，復習すること。
授業期間終了後/After the Class Period
15 オンデマンド（動画視聴）/On-demand(watching video)
90 分/min
20世紀の詩と美術への展開
講義内容を十分に理解するために，適宜，復習すること。"
10260412000,"○現代芸術論Ⅰ
Topics in Contemporary Art I",https://syllabus.doshisha.ac.jp/html/2024/0260/10260412000.html,なぜ現代芸術は難解だと言われるのか。それは，近現代芸術が常に「芸術とは何か」を問う実践であるからである。この講義では，モダニズムにおける芸術概念から，旧来のジャンル分けを超えて脱ジャンル的な可能性を展開する現代芸術までを分析しながら，現代における芸術の意義と課題について考察する。,['平芳\u3000幸浩'],"(金曜日5講時)
面接/Face-to-face","10260412 
○現代芸術論Ⅰ
Topics in Contemporary Art I
2単位/Unit  春学期/Spring  今出川/Imadegawa  講義/Lecture","実施時期
/Week 授業回/Number of Lesson 授業実施方法
/How to conduct a Lesson 授業実施時間数
/Class Hours
内容/Contents
授業時間外の学習/Assignments
第１週　DO Week
1 オンデマンド（動画視聴）/On-demand(watching video)
90 分/min
この講義で，現代アートにどのような視点からアプローチしていくのかを確認する。
予習と復習
第2週
2 面接/Face-to-face
90 分/min
なぜ現代芸術は時系列で語り得ないか
予習と復習
第3週
3 面接/Face-to-face
90 分/min
マルセル・デュシャン以降の芸術の不可能性
予習と復習
第4週
4 面接/Face-to-face
90 分/min
現代芸術を巡るトピック：身体
パフォーマンス，アクション，ボディ・アート，皮膚
予習と復習
第5週
5 面接/Face-to-face
90 分/min
現代芸術を巡るトピック：ジェンダー，セクシュアリティ
LGBT，女性アーティスト，ヌード，視線
予習と復習
第6週
6 面接/Face-to-face
90 分/min
現代芸術を巡るトピック：素材
絵画・彫刻の素材の多様化
予習と復習
第7週
7 面接/Face-to-face
90 分/min
現代芸術を巡るトピック：抽象
抽象表現主義，ミニマリズム，ネオ・ジオ
予習と復習
第8週
8 面接/Face-to-face
90 分/min
現代芸術を巡るトピック：幻想
無意識，シュルレアリスム，狂気，夢
予習と復習
第9週
9 面接/Face-to-face
90 分/min
現代芸術を巡るトピック：次元・運動
キュビスム，不可視の可視化，テクノロジー，メディア・アート
予習と復習
第10週
10 面接/Face-to-face
90 分/min
現代芸術を巡るトピック：関係・介入
関係性の美学，演劇実験室天井桟敷，SEA
予習と復習
第11週
11 面接/Face-to-face
90 分/min
現代芸術を巡るトピック：公共性
パブリック・アート，アート・フェスティバル
予習と復習
第12週
12 面接/Face-to-face
90 分/min
現代芸術を巡るトピック：戦争
戦争記録画，ネオ戦争画，アトムボーイ
予習と復習
第13週
13 面接/Face-to-face
90 分/min
現代芸術を巡るトピック：反復・複製
ポップ・アート，消費文化，シミュレーショニズム
予習と復習
第14週
14 面接/Face-to-face
90 分/min
現代芸術を巡るトピック：多元文化主義
大地の魔術師たち，ソッツ・アート，中国市場開放
予習と復習
授業期間終了後/After the Class Period
15 オンデマンド（動画視聴）/On-demand(watching video)
90 分/min
マルセル・デュシャン以降の芸術の可能性
現代芸術の学びについての総括
予習と復習"
10260413000,"△現代芸術論Ⅱ
Topics in Contemporary Art II",https://syllabus.doshisha.ac.jp/html/2024/0260/10260413000.html,前の世紀の転換期ウィーンで活動した美術史家アロイス・リーグル(Alois Riegl. 1858-1905)は，その著書にによって，現代美術に通じる重要な問題系を提示しました。「視覚的受容と触覚的受容の問題」(『末期ローマの美術工芸』1908），「注視を手がかりとする美術作品におけるコミュニケーションの問題」（『オランダ集団肖像画』1902)，「記念碑について」（『近代の記念碑崇拝』1903)などがそれに当たります。リーグルのこうした著書を出発点として，リーグルから影響を受けたヴァルター・ベンヤミン（Walter Benjami， 1893-1940)の著述も手がかりとしながら第二次大戦以降の美術を読み解きます。対象となる動向は，抽象表現主義，シュルレアリスム，ミニマリスム，ランドアート，そして近年のプロジェクションによるアート作品とします。単にこうした動向を紹介するだけではなく，こうした表現が生まれ，受け入れられていった社会的，政治的背景についても言及します。,['越前\u3000俊也'],"(木曜日3講時)
面接/Face-to-face","10260413 
△現代芸術論Ⅱ
Topics in Contemporary Art II
2単位/Unit  秋学期/Fall  今出川/Imadegawa  講義/Lecture","実施時期
/Week 授業回/Number of Lesson 授業実施方法
/How to conduct a Lesson 授業実施時間数
/Class Hours
内容/Contents
授業時間外の学習/Assignments
第１週　DO Week
１ オンデマンド（動画視聴）/On-demand(watching video)
30 分/min
オリエンテーション（アロイス・リーグルについて）
授業の進め方について
第１週　DO Week
1
オンデマンド（授業内課題）/On-demand(assignment in class)
60 分/min
オリエンテーション（アロイス・リーグルについて）
復習
第2週
2
面接/Face-to-face
90 分/min
視覚性と触覚性 視覚的受容と触覚的受容
下記参考文献の精読
第3週
3 面接/Face-to-face
90 分/min
現代美術展の鑑賞
同上
第4週
4 面接/Face-to-face
90 分/min
視覚的イルージョン
同上
第5週
5 面接/Face-to-face
90 分/min
感覚の論理
同上
第6週
6 面接/Face-to-face
90 分/min
「注視」について
同上
第7週
7 面接/Face-to-face
90 分/min
観者を想定する絵画と関係性の美学
同上
第8週
8 面接/Face-to-face
90 分/min
「気散じ」について
同上
第9週
9 面接/Face-to-face
90 分/min
美術作品における演劇性と没入について
同上
第10週
10 面接/Face-to-face
90 分/min
眼差しについて
同上
第11週
11 面接/Face-to-face
90 分/min
中間討議
同上
第12週
12
面接/Face-to-face
90 分/min
メディア論，コミュニケーション論と美術
同上
第13週
13 面接/Face-to-face
90 分/min
サブジェクトからプロジェクトへ
同上
第14週
14 面接/Face-to-face
90 分/min
アート・プロジェクトについて
同上
授業期間終了後/After the Class Period
15 オンデマンド（動画視聴）/On-demand(watching video)
30 分/min
まとめ
授業内容の復習
授業期間終了後/After the Class Period
15 オンデマンド（授業内課題）/On-demand(assignment in class)
60 分/min
まとめ
授業内容の復習"
10260416000,"△美学芸術学実地演習Ⅰ
Practice in Aesthetics and Art Theory I",https://syllabus.doshisha.ac.jp/html/2024/0260/10260416000.html,この科目は，教室で学んでいる美学・芸術学・芸術史（美術史）の理論を，実際に，具体的な芸術作品と触れ合うことによって，生きた／充実したものにすることを目的としています。京都に位置するという本学の地の利を生かし，古社寺・展覧会・近代建築・庭園・舞台などの見学，講演会・シンポジウムへの参加を，実地演習では予定しています。,[],"集中
面接/Face-to-face","10260416 
△美学芸術学実地演習Ⅰ
Practice in Aesthetics and Art Theory I
2単位/Unit  秋集中/Fall Intensive  今出川/Imadegawa  演習/Seminar","実施時期
/Week 授業回/Number of Lesson 授業実施方法
/How to conduct a Lesson 授業実施時間数
/Class Hours
内容/Contents
授業時間外の学習/Assignments
第１週　DO Week
第1回 オンデマンド（動画視聴）/On-demand(watching video)
90 分/min
ガイダンス
見学するものについて，事前に学習しておくこと。
第2週
第2回 面接/Face-to-face
240 分/min
見学1
同上
第3週
第3回 面接/Face-to-face
240 分/min
見学2
同上
第4週
第4回 面接/Face-to-face
240 分/min
見学3
同上
第5週
第5回 面接/Face-to-face
240 分/min
見学4
同上
第6週
第6回 面接/Face-to-face
240 分/min
見学5
同上
第7週
面接/Face-to-face
0 分/min
第8週
面接/Face-to-face
0 分/min
第9週
面接/Face-to-face
0 分/min
第10週
面接/Face-to-face
0 分/min
第11週
面接/Face-to-face
0 分/min
第12週
面接/Face-to-face
0 分/min
第13週
面接/Face-to-face
0 分/min
第14週
面接/Face-to-face
0 分/min
授業期間終了後/After the Class Period
第6回 オンデマンド（動画視聴）/On-demand(watching video)
60 分/min
まとめ"
10260417000,"○美学芸術学実地演習Ⅱ
Practice in Aesthetics and Art Theory II",https://syllabus.doshisha.ac.jp/html/2024/0260/10260417000.html,この科目は，教室で学んでいる美学・芸術学・芸術史（美術史）の理論を，実際に，具体的な芸術作品と触れ合うことによって，生きた／充実したものにすることを目的としています。京都に位置するという本学の地の利を生かし，古社寺・展覧会・近代建築・庭園・舞台などの見学，講演会・シンポジウムへの参加を，実地演習では予定しています。,[],"集中
面接/Face-to-face","10260417 
○美学芸術学実地演習Ⅱ
Practice in Aesthetics and Art Theory II
2単位/Unit  春集中/Spring Intensive  今出川/Imadegawa  演習/Seminar","実施時期
/Week 授業回/Number of Lesson 授業実施方法
/How to conduct a Lesson 授業実施時間数
/Class Hours
内容/Contents
授業時間外の学習/Assignments
第１週　DO Week
第1回 オンデマンド（動画視聴）/On-demand(watching video)
90 分/min
ガイダンス
第2週
第2回 面接/Face-to-face
240 分/min
見学1
見学するものについて，事前に学習しておくこと。
第3週
第3回 面接/Face-to-face
240 分/min
見学2
同上
第4週
第4回 面接/Face-to-face
240 分/min
見学3
同上
第5週
第5回 面接/Face-to-face
240 分/min
見学4
同上
第6週
第6回 面接/Face-to-face
240 分/min
見学5
同上
第7週
面接/Face-to-face
0 分/min
第8週
面接/Face-to-face
0 分/min
第9週
面接/Face-to-face
0 分/min
第10週
面接/Face-to-face
0 分/min
第11週
面接/Face-to-face
0 分/min
第12週
面接/Face-to-face
0 分/min
第13週
面接/Face-to-face
0 分/min
第14週
面接/Face-to-face
0 分/min
授業期間終了後/After the Class Period
第7回 オンデマンド（動画視聴）/On-demand(watching video)
60 分/min
まとめ"
