id,title,url,text,teacher,day,unit,content,summary_texts,summary_contents,anotation
10210135001,"○翻訳入門-1
Introduction to Literary Translation-1",https://syllabus.doshisha.ac.jp/html/2024/0210/10210135001.html,"この授業では英日翻訳の基礎を学習します。翻訳に必要な発想転換の方法を学び，いわゆる直訳調の英文和訳から離れて，自然な日本語に翻訳する力を養います。ノンフィクションとフィクションの両方を題材として取り上げ，数行の短い文章から始めて，終盤には数十行の作品を翻訳します。毎回の授業で教科書やプリントから課題の文章を指示しますので宿題として翻訳してください。次回の授業で訳文を確認しながら，翻訳上のコツ，工夫，注意点等を学習します。皆さんの積極的な発言を期待します。翻訳の学習は奥の深いものですが，この授業で翻訳のおもしろさと勉強の方法をわかってもらえればと思います。
3～4人のグループで訳文を検討・発表する機会があります。翻訳の実務経験のある教員がこの授業を担当します。",['後藤\u3000眞理子'],"(木曜日2講時)
面接/Face-to-face","10210135-001 
○翻訳入門－1
Introduction to Literary Translation－1
2単位/Unit  春学期/Spring  今出川/Imadegawa  講義/Lecture","実施時期
/Week 授業回/Number of Lesson 授業実施方法
/How to conduct a Lesson 授業実施時間数
/Class Hours
内容/Contents
授業時間外の学習/Assignments
第１週　DO Week
１ オンデマンド（動画視聴）/On-demand(watching video)
90 分/min
授業と学習方法の説明
教科書の予習，課題の翻訳（60分）
第2週
２ 面接/Face-to-face
90 分/min
第3章 代名詞，訳文の検討
教科書の予習，課題の翻訳（60分
第3週
３ 面接/Face-to-face
90 分/min
第4章 数量詞，訳文の検討
教科書の予習，課題の翻訳（60分）
第4週
４ 面接/Face-to-face
90 分/min
第5章 比較級と最上級，訳文の検討
教科書の予習，課題の翻訳（60分）
第5週
５ 面接/Face-to-face
90 分/min
第6章 無生物主語I，訳文の検討
教科書の予習，課題の翻訳（60分）
第6週
６ 面接/Face-to-face
90 分/min
第7章 無生物主語II，訳文の検討
教科書の予習，課題の翻訳（60分）
第7週
７ 面接/Face-to-face
90 分/min
第8章 名詞句，訳文の検討
教科書の予習，課題の翻訳（60分）
第8週
８ 面接/Face-to-face
90 分/min
第9章 順行訳，訳文の検討
復習，中間評価の準備（60分以上）
第9週
９ 面接/Face-to-face
90 分/min
中間評価
課題の翻訳（60分）
第10週
１０ 面接/Face-to-face
90 分/min
フィクション作品の読解，翻訳
課題の翻訳（60分）
第11週
１１ 面接/Face-to-face
90 分/min
課題の訳文の検討
課題の翻訳（60分）
第12週
１２ 面接/Face-to-face
90 分/min
スピーチの翻訳
課題の翻訳（60分）
第13週
１３ 面接/Face-to-face
90 分/min
中間評価の返却，訳文の検討
課題の翻訳（60分）
第14週
１４ 面接/Face-to-face
90 分/min
スピーチ翻訳の発表
期末レポートの作成（3時間以上）
授業期間終了後/After the Class Period
１５ オンデマンド（動画視聴）/On-demand(watching video)
90 分/min
まとめ
復習（60分）",この講義では、英日翻訳の基礎を学びます。直訳調から自然な日本語への翻訳力を養うため、ノンフィクションとフィクションの両方を題材にします。短い文章から始め、最終的には数十行の作品を翻訳します。授業では翻訳のコツや注意点を学び、グループで訳文を検討・発表する機会もあります。翻訳の実務経験を持つ教員が指導し、翻訳の面白さと学習方法を理解することを目指します。,シラバス参照,"# 講義名
○翻訳入門-1
Introduction to Literary Translation-1

# 概要
この講義では、英日翻訳の基礎を学びます。直訳調から自然な日本語への翻訳力を養うため、ノンフィクションとフィクションの両方を題材にします。短い文章から始め、最終的には数十行の作品を翻訳します。授業では翻訳のコツや注意点を学び、グループで訳文を検討・発表する機会もあります。翻訳の実務経験を持つ教員が指導し、翻訳の面白さと学習方法を理解することを目指します。

# 授業題材
シラバス参照"
10210135002,"○翻訳入門-2
Introduction to Literary Translation-2",https://syllabus.doshisha.ac.jp/html/2024/0210/10210135002.html,"この授業では英日翻訳の基礎を学習します。翻訳に必要な発想転換の方法を学び，いわゆる直訳調の英文和訳から離れて，自然な日本語に翻訳する力を養います。ノンフィクションとフィクションの両方を題材として取り上げ，数行の短い文章から始めて，終盤には数十行の作品を翻訳します。毎回の授業で教科書やプリントから課題の文章を指示しますので宿題として翻訳してください。次回の授業で訳文を確認しながら，翻訳上のコツ，工夫，注意点等を学習します。皆さんの積極的な発言を期待します。翻訳の学習は奥の深いものですが，この授業で翻訳のおもしろさと勉強の方法をわかってもらえればと思います。
3～4人のグループで訳文を検討・発表する機会があります。翻訳の実務経験のある教員がこの授業を担当します。",['後藤\u3000眞理子'],"(木曜日3講時)
面接/Face-to-face","10210135-002 
○翻訳入門－2
Introduction to Literary Translation－2
2単位/Unit  春学期/Spring  今出川/Imadegawa  講義/Lecture","実施時期
/Week 授業回/Number of Lesson 授業実施方法
/How to conduct a Lesson 授業実施時間数
/Class Hours
内容/Contents
授業時間外の学習/Assignments
第１週　DO Week
１ オンデマンド（動画視聴）/On-demand(watching video)
90 分/min
授業と学習方法の説明
教科書の予習，課題の翻訳（60分）
第2週
２ 面接/Face-to-face
90 分/min
第3章 代名詞，訳文の検討
教科書の予習，課題の翻訳（60分
第3週
３ 面接/Face-to-face
90 分/min
第4章 数量詞，訳文の検討
教科書の予習，課題の翻訳（60分）
第4週
４ 面接/Face-to-face
90 分/min
第5章 比較級と最上級，訳文の検討
教科書の予習，課題の翻訳（60分）
第5週
５ 面接/Face-to-face
90 分/min
第6章 無生物主語I，訳文の検討
教科書の予習，課題の翻訳（60分）
第6週
６ 面接/Face-to-face
90 分/min
第7章 無生物主語II，訳文の検討
教科書の予習，課題の翻訳（60分）
第7週
７ 面接/Face-to-face
90 分/min
第8章 名詞句，訳文の検討
教科書の予習，課題の翻訳（60分）
第8週
８ 面接/Face-to-face
90 分/min
第9章 順行訳，訳文の検討
復習，中間評価の準備（60分以上）
第9週
９ 面接/Face-to-face
90 分/min
中間評価
課題の翻訳（60分）
第10週
１０ 面接/Face-to-face
90 分/min
フィクション作品の読解，翻訳
課題の翻訳（60分）
第11週
１１ 面接/Face-to-face
90 分/min
課題の訳文の検討
課題の翻訳（60分）
第12週
１２ 面接/Face-to-face
90 分/min
スピーチの翻訳
課題の翻訳（60分）
第13週
１３ 面接/Face-to-face
90 分/min
中間評価の返却，訳文の検討
課題の翻訳（60分）
第14週
１４ 面接/Face-to-face
90 分/min
スピーチ翻訳の発表
期末レポートの作成（3時間以上）
授業期間終了後/After the Class Period
１５ オンデマンド（動画視聴）/On-demand(watching video)
90 分/min
まとめ
復習（60分）",この講義では、英日翻訳の基礎を学びます。直訳調から自然な日本語への翻訳力を養うため、ノンフィクションとフィクションの両方を題材にします。短い文章から始め、最終的には数十行の作品を翻訳します。授業では翻訳のコツや注意点を学び、グループで訳文を検討・発表する機会もあります。翻訳の実務経験を持つ教員が指導し、翻訳の面白さと学習方法を理解することを目指します。,シラバス参照,"# 講義名
○翻訳入門-2
Introduction to Literary Translation-2

# 概要
この講義では、英日翻訳の基礎を学びます。直訳調から自然な日本語への翻訳力を養うため、ノンフィクションとフィクションの両方を題材にします。短い文章から始め、最終的には数十行の作品を翻訳します。授業では翻訳のコツや注意点を学び、グループで訳文を検討・発表する機会もあります。翻訳の実務経験を持つ教員が指導し、翻訳の面白さと学習方法を理解することを目指します。

# 授業題材
シラバス参照"
10210135003,"△翻訳入門-3
Introduction to Literary Translation-3",https://syllabus.doshisha.ac.jp/html/2024/0210/10210135003.html,"この授業では英日翻訳の基礎を学習します。翻訳に必要な発想転換の方法を学び，いわゆる直訳調の英文和訳から離れて，自然な日本語に翻訳する力を養います。ノンフィクションとフィクションの両方を題材として取り上げ，数行の短い文章から始めて，終盤には数十行の作品を翻訳します。毎回の授業で教科書やプリントから課題の文章を指示しますので宿題として翻訳してください。次回の授業で訳文を確認しながら，翻訳上のコツ，工夫，注意点等を学習します。皆さんの積極的な発言を期待します。翻訳の学習は奥の深いものですが，この授業で翻訳のおもしろさと勉強の方法をわかってもらえればと思います。
3～4人のグループで訳文を検討・発表する機会があります。翻訳の実務経験のある教員がこの授業を担当します。",['後藤\u3000眞理子'],"(木曜日2講時)
面接/Face-to-face","10210135-003 
△翻訳入門－3
Introduction to Literary Translation－3
2単位/Unit  秋学期/Fall  今出川/Imadegawa  講義/Lecture","実施時期
/Week 授業回/Number of Lesson 授業実施方法
/How to conduct a Lesson 授業実施時間数
/Class Hours
内容/Contents
授業時間外の学習/Assignments
第１週　DO Week
１ オンデマンド（動画視聴）/On-demand(watching video)
90 分/min
授業と学習方法の説明
教科書の予習，課題の翻訳（60分）
第2週
２ 面接/Face-to-face
90 分/min
第3章 代名詞，訳文の検討
教科書の予習，課題の翻訳（60分
第3週
３ 面接/Face-to-face
90 分/min
第4章 数量詞，訳文の検討
教科書の予習，課題の翻訳（60分）
第4週
４ 面接/Face-to-face
90 分/min
第5章 比較級と最上級，訳文の検討
教科書の予習，課題の翻訳（60分）
第5週
５ 面接/Face-to-face
90 分/min
第6章 無生物主語I，訳文の検討
教科書の予習，課題の翻訳（60分）
第6週
６ 面接/Face-to-face
90 分/min
第7章 無生物主語II，訳文の検討
教科書の予習，課題の翻訳（60分）
第7週
７ 面接/Face-to-face
90 分/min
第8章 名詞句，訳文の検討
教科書の予習，課題の翻訳（60分）
第8週
８ 面接/Face-to-face
90 分/min
第9章 順行訳，訳文の検討
復習，中間評価の準備（60分以上）
第9週
９ 面接/Face-to-face
90 分/min
中間評価
課題の翻訳（60分）
第10週
１０ 面接/Face-to-face
90 分/min
フィクション作品の読解，翻訳
課題の翻訳（60分）
第11週
１１ 面接/Face-to-face
90 分/min
課題の訳文の検討
課題の翻訳（60分）
第12週
１２ 面接/Face-to-face
90 分/min
スピーチの翻訳
課題の翻訳（60分）
第13週
１３ 面接/Face-to-face
90 分/min
中間評価の返却，訳文の検討
課題の翻訳（60分）
第14週
１４ 面接/Face-to-face
90 分/min
スピーチ翻訳の発表
期末レポートの作成（3時間以上）
授業期間終了後/After the Class Period
１５ オンデマンド（動画視聴）/On-demand(watching video)
90 分/min
まとめ
復習（60分）",この講義では、英日翻訳の基礎を学びます。直訳調から自然な日本語への翻訳力を養うため、ノンフィクションとフィクションの両方を題材にします。短い文章から始め、最終的には数十行の作品を翻訳します。授業では翻訳のコツや注意点を学び、グループで訳文を検討・発表する機会もあります。翻訳の実務経験を持つ教員が担当し、翻訳の面白さと学習方法を理解することを目指します。,シラバス参照,"# 講義名
△翻訳入門-3
Introduction to Literary Translation-3

# 概要
この講義では、英日翻訳の基礎を学びます。直訳調から自然な日本語への翻訳力を養うため、ノンフィクションとフィクションの両方を題材にします。短い文章から始め、最終的には数十行の作品を翻訳します。授業では翻訳のコツや注意点を学び、グループで訳文を検討・発表する機会もあります。翻訳の実務経験を持つ教員が担当し、翻訳の面白さと学習方法を理解することを目指します。

# 授業題材
シラバス参照"
10210135004,"△翻訳入門-4
Introduction to Literary Translation-4",https://syllabus.doshisha.ac.jp/html/2024/0210/10210135004.html,"この授業では英日翻訳の基礎を学習します。翻訳に必要な発想転換の方法を学び，いわゆる直訳調の英文和訳から離れて，自然な日本語に翻訳する力を養います。ノンフィクションとフィクションの両方を題材として取り上げ，数行の短い文章から始めて，終盤には数十行の作品を翻訳します。毎回の授業で教科書やプリントから課題の文章を指示しますので宿題として翻訳してください。次回の授業で訳文を確認しながら，翻訳上のコツ，工夫，注意点等を学習します。皆さんの積極的な発言を期待します。翻訳の学習は奥の深いものですが，この授業で翻訳のおもしろさと勉強の方法をわかってもらえればと思います。
3～4人のグループで訳文を検討・発表する機会があります。翻訳の実務経験のある教員がこの授業を担当します。",['後藤\u3000眞理子'],"(木曜日3講時)
面接/Face-to-face","10210135-004 
△翻訳入門－4
Introduction to Literary Translation－4
2単位/Unit  秋学期/Fall  今出川/Imadegawa  講義/Lecture","実施時期
/Week 授業回/Number of Lesson 授業実施方法
/How to conduct a Lesson 授業実施時間数
/Class Hours
内容/Contents
授業時間外の学習/Assignments
第１週　DO Week
１ オンデマンド（動画視聴）/On-demand(watching video)
90 分/min
授業と学習方法の説明
教科書の予習，課題の翻訳（60分）
第2週
２ 面接/Face-to-face
90 分/min
第3章 代名詞，訳文の検討
教科書の予習，課題の翻訳（60分
第3週
３ 面接/Face-to-face
90 分/min
第4章 数量詞，訳文の検討
教科書の予習，課題の翻訳（60分）
第4週
４ 面接/Face-to-face
90 分/min
第5章 比較級と最上級，訳文の検討
教科書の予習，課題の翻訳（60分）
第5週
５ 面接/Face-to-face
90 分/min
第6章 無生物主語I，訳文の検討
教科書の予習，課題の翻訳（60分）
第6週
６ 面接/Face-to-face
90 分/min
第7章 無生物主語II，訳文の検討
教科書の予習，課題の翻訳（60分）
第7週
７ 面接/Face-to-face
90 分/min
第8章 名詞句，訳文の検討
教科書の予習，課題の翻訳（60分）
第8週
８ 面接/Face-to-face
90 分/min
第9章 順行訳，訳文の検討
復習，中間評価の準備（60分以上）
第9週
９ 面接/Face-to-face
90 分/min
中間評価
課題の翻訳（60分）
第10週
１０ 面接/Face-to-face
90 分/min
フィクション作品の読解，翻訳
課題の翻訳（60分）
第11週
１１ 面接/Face-to-face
90 分/min
課題の訳文の検討
課題の翻訳（60分）
第12週
１２ 面接/Face-to-face
90 分/min
スピーチの翻訳
課題の翻訳（60分）
第13週
１３ 面接/Face-to-face
90 分/min
中間評価の返却，訳文の検討
課題の翻訳（60分）
第14週
１４ 面接/Face-to-face
90 分/min
スピーチ翻訳の発表
期末レポートの作成（3時間以上）
授業期間終了後/After the Class Period
１５ オンデマンド（動画視聴）/On-demand(watching video)
90 分/min
まとめ
復習（60分）",この講義では、英日翻訳の基礎を学びます。直訳から離れ、自然な日本語に翻訳する力を養うことを目指します。ノンフィクションとフィクションの両方を題材に、短い文章から始めて数十行の作品まで翻訳します。授業では翻訳のコツや注意点を学び、グループで訳文を検討・発表する機会もあります。翻訳の実務経験を持つ教員が指導し、翻訳の面白さと学習方法を理解することを目指します。,シラバス参照,"# 講義名
△翻訳入門-4
Introduction to Literary Translation-4

# 概要
この講義では、英日翻訳の基礎を学びます。直訳から離れ、自然な日本語に翻訳する力を養うことを目指します。ノンフィクションとフィクションの両方を題材に、短い文章から始めて数十行の作品まで翻訳します。授業では翻訳のコツや注意点を学び、グループで訳文を検討・発表する機会もあります。翻訳の実務経験を持つ教員が指導し、翻訳の面白さと学習方法を理解することを目指します。

# 授業題材
シラバス参照"
10210135006,"△翻訳入門-6
Introduction to Literary Translation-6",https://syllabus.doshisha.ac.jp/html/2024/0210/10210135006.html,この授業では，英文を和文に翻訳する実践練習を通して，翻訳に必要な知識を学んでいく。事前にe-class上に提出してもらった課題の訳文を紹介・比較しながら，文法事項を確認し，英語と日本語で異なる発想パターンや受講者には馴染みが薄いと思われる文化的知識などを学習していく。取り上げる英文は，エッセイ，フィクション（小説やお伽話），ポピュラー音楽の歌詞などを中心とする。授業時にも翻訳に関する小問題を課す。,['金谷\u3000益道'],"(火曜日3講時)
面接/Face-to-face","10210135-006 
△翻訳入門－6
Introduction to Literary Translation－6
2単位/Unit  秋学期/Fall  今出川/Imadegawa  講義/Lecture","実施時期
/Week 授業回/Number of Lesson 授業実施方法
/How to conduct a Lesson 授業実施時間数
/Class Hours
内容/Contents
授業時間外の学習/Assignments
第１週　DO Week
1 オンデマンド（動画視聴）/On-demand(watching video)
90 分/min
Introduction: 学習方法についてなど
課題文の翻訳
第2週
2 面接/Face-to-face
90 分/min
エッセイの翻訳(1)
課題文の翻訳
第3週
3 面接/Face-to-face
90 分/min
エッセイの翻訳(2)
課題文の翻訳
第4週
4 面接/Face-to-face
90 分/min
エッセイの翻訳(3)
課題文の翻訳
第5週
5 面接/Face-to-face
90 分/min
フィクションの翻訳(1)
課題文の翻訳
第6週
6 面接/Face-to-face
90 分/min
フィクションの翻訳(2)
課題文の翻訳
第7週
7 面接/Face-to-face
90 分/min
歌詞の翻訳
課題文の翻訳
第8週
8 面接/Face-to-face
90 分/min
エッセイの翻訳(4)
課題文の翻訳
第9週
9 面接/Face-to-face
90 分/min
エッセイの翻訳(5)
課題文の翻訳
第10週
10 面接/Face-to-face
90 分/min
フィクションの翻訳(3)
課題文の翻訳
第11週
11 面接/Face-to-face
90 分/min
フィクションの翻訳(4)
課題文の翻訳
第12週
12 面接/Face-to-face
90 分/min
フィクションの翻訳(5)
課題文の翻訳
第13週
13 面接/Face-to-face
90 分/min
フィクションの翻訳(6)
課題文の翻訳
第14週
14 面接/Face-to-face
90 分/min
フィクションの翻訳(7)
復習
授業期間終了後/After the Class Period
15 オンデマンド（動画視聴）/On-demand(watching video)
90 分/min
Conclusion：期末課題について
期末課題の作成",この講義では、エッセイ、フィクション（小説やお伽話）、ポピュラー音楽の歌詞などの英文を和文に翻訳する実践練習を通じて、翻訳に必要な知識を学びます。具体的には、文法事項の確認、英語と日本語の異なる発想パターン、文化的知識の習得を目指します。事前に提出された訳文を紹介・比較しながら、翻訳の技術を深めることができます。,シラバス参照,"# 講義名
△翻訳入門-6
Introduction to Literary Translation-6

# 概要
この講義では、エッセイ、フィクション（小説やお伽話）、ポピュラー音楽の歌詞などの英文を和文に翻訳する実践練習を通じて、翻訳に必要な知識を学びます。具体的には、文法事項の確認、英語と日本語の異なる発想パターン、文化的知識の習得を目指します。事前に提出された訳文を紹介・比較しながら、翻訳の技術を深めることができます。

# 授業題材
シラバス参照"
10210262000,"○英米文学特論Ａ（２）(アメリカ文学入門)
Special Topics in English and American Literature A (2) (Introduction to American Literature)",https://syllabus.doshisha.ac.jp/html/2024/0210/10210262000.html,本科目はアメリカ文学の独自性や歴史的背景を学ぶことを目的とするアメリカ文学の入門クラスです。アメリカ小説の面白さを体感し，そこから文学的想像力や知的関心を修練してください。それぞれの文学テクストが豊かなアメリカの文化や歴史の中でどのように生成され，またその特徴がどのように表象されているのか，文学テクストを様々な角度から読み解いていくことを目指します。まずは，アメリカ小説の特徴や歴史的文化的背景などを概観し，いくつかの作品を紹介し，F.スコット・フィッツジェラルドの『グレート・ギャツビー』を読みます。文学用語やアメリカ文学の流れなどを解説し，適宜，映画の映像を使ったり，英文テクストの一部を読み解きます。『グレート・ギャツビー』では語りの構造や1920年代のアメリカ社会や「アメリカン・ドリーム」の系譜を考察します。,['石塚\u3000則子'],"(火曜日2講時)
面接/Face-to-face","10210262 
○英米文学特論Ａ（２） (アメリカ文学入門)
Special Topics in English and American Literature A (2) -Introduction to American Literature-
2単位/Unit  春学期/Spring  今出川/Imadegawa  講義/Lecture","実施時期
/Week 授業回/Number of Lesson 授業実施方法
/How to conduct a Lesson 授業実施時間数
/Class Hours
内容/Contents
授業時間外の学習/Assignments
第１週　DO Week
1 オンデマンド（動画視聴）/On-demand(watching video)
45 分/min
イントロダクション―アメリカの文化的・歴史的特徴
シラバスを熟読し，本科目の内容を理解する。
第2週
2 面接/Face-to-face
90 分/min
アメリカ文学のトポス―東部の歴史とピューリタニズム
配布するハンドアウトの中の作品からの抜粋部分を読む。
第3週
3 面接/Face-to-face
90 分/min
アメリカ文学のトポス―ピューリタニズムとホーソーン
配布するハンドアウトの中の作品からの抜粋部分を読む。
第4週
4 面接/Face-to-face
90 分/min
アメリカ文学のトポス―フロンティアと移動，『ハックルベリー・フィンの冒険』の西部性
配布するハンドアウトの中の作品からの抜粋部分を読む。
第5週
5 面接/Face-to-face
90 分/min
アメリカ文学のトポス―『オズの魔法使い』『マイ・アントニーア』に見るアメリカネス
配布するハンドアウトの中の作品からの抜粋部分を読む。
第5週
6 オンデマンド（授業内課題）/On-demand(assignment in class)
30 分/min
これまでの授業とハンドアウトの内容についての小テスト
授業の内容とハンドアウトの復習
第6週
7 面接/Face-to-face
90 分/min
アメリカ文学のトポス―南北戦争と南部文学，『風と共に去りぬ』の世界
配布するハンドアウトの中の作品からの抜粋部分を読む。
第7週
8 面接/Face-to-face
90 分/min
アメリカ文学のトポス―南部の歴史とウィリアム・フォークナー『響きと怒り』『アブサロム，アブサロム！』
配布するハンドアウトの中の作品からの抜粋部分を読む。
第8週
9 面接/Face-to-face
90 分/min
アメリカ文学のトポス―奴隷制とトニ・モリソンの『ビラヴィド』
配布するハンドアウトの中の作品からの抜粋部分を読む。The Great Gatsbyを読み始める。
第9週
10 面接/Face-to-face
90 分/min
アメリカン・ドリームの系譜―ベンジャミン・フランクリン，『おんぼろディック』における成功のパターン，金メッキ時代
配布するハンドアウトの中の作品からの抜粋部分を読む。The Great Gatsbyを読み始める。
第9週
11 オンデマンド（授業内課題）/On-demand(assignment in class)
30 分/min
第５回ー第８回の授業とハンドアウトの内容についての小テスト
指定した授業回の内容とハンドアウトの復習
第10週
12 面接/Face-to-face
90 分/min
イントロダクション：The Great Gatsbyと1920年代，都市としてのニューヨーク
配布するハンドアウトの中の作品からの抜粋部分を読む。The Great Gatsby（１章）を読む。
第11週
13 面接/Face-to-face
90 分/min
The Great Gatsby:東部と西部，小説と映画の違い
配布するハンドアウトの中の作品からの抜粋部分を読む。The Great Gatsby（２－４）を読む。
第12週
14 面接/Face-to-face
90 分/min
The Great Gatsbyとアメリカン・ドリーム
配布するハンドアウトの中の作品からの抜粋部分を読む。The Great Gatsby（５－７章）を読む。
第13週
15 面接/Face-to-face
90 分/min
語り手ニックの役割とThe Great Gatsbyにおけるギャツビーの夢
配布するハンドアウトの中の作品からの抜粋部分を読む。The Great Gatsby（８－９章）を読む。
第14週
16 面接/Face-to-face
90 分/min
The Great Gatsby:ギャツビーのロマンティシズム
配布するハンドアウトの中の作品からの抜粋部分を読む。
第14週
17 オンデマンド（授業内課題）/On-demand(assignment in class)
40 分/min
第９回ー第１３回の授業とハンドアウトの内容についての小テスト
Google FormsによるThe Great Gatsbyについてのコメント・質問提出
指定した授業回の内容とハンドアウトの復習
18 オンデマンド（動画視聴）/On-demand(watching video)
35 分/min
The Great Gatsbyについてのコメントや質問についての説明や講評
最終授業終了後，試験日の数日までに配信開始予定
学期末試験の準備",この講義では、アメリカ文学の独自性と歴史的背景を学びます。特にF.スコット・フィッツジェラルドの『グレート・ギャツビー』を中心に、1920年代のアメリカ社会や「アメリカン・ドリーム」の系譜を考察します。文学テクストを通じて、アメリカ小説の特徴や文化的背景を多角的に理解し、文学的想像力を養います。映画の映像や英文テクストの一部も使用し、語りの構造や歴史的背景を深く読み解きます。,"- アメリカ文学のトポス
- ピューリタニズム
- ホーソーン
- 『ハックルベリー・フィンの冒険』
- 『オズの魔法使い』
- 『マイ・アントニーア』
- 南北戦争
- 南部文学
- 『風と共に去りぬ』
- ウィリアム・フォークナー
  - 『響きと怒り』
  - 『アブサロム，アブサロム！』
- 奴隷制
- トニ・モリソン
  - 『ビラヴィド』
- The Great Gatsby
- アメリカン・ドリーム
- ベンジャミン・フランクリン
- 『おんぼろディック』
- 金メッキ時代
- ニューヨーク
- 語り手ニック
- ギャツビーの夢
- ギャツビーのロマンティシズム","# 講義名
○英米文学特論Ａ（２）(アメリカ文学入門)
Special Topics in English and American Literature A (2) (Introduction to American Literature)

# 概要
この講義では、アメリカ文学の独自性と歴史的背景を学びます。特にF.スコット・フィッツジェラルドの『グレート・ギャツビー』を中心に、1920年代のアメリカ社会や「アメリカン・ドリーム」の系譜を考察します。文学テクストを通じて、アメリカ小説の特徴や文化的背景を多角的に理解し、文学的想像力を養います。映画の映像や英文テクストの一部も使用し、語りの構造や歴史的背景を深く読み解きます。

# 授業題材
- アメリカ文学のトポス
- ピューリタニズム
- ホーソーン
- 『ハックルベリー・フィンの冒険』
- 『オズの魔法使い』
- 『マイ・アントニーア』
- 南北戦争
- 南部文学
- 『風と共に去りぬ』
- ウィリアム・フォークナー
  - 『響きと怒り』
  - 『アブサロム，アブサロム！』
- 奴隷制
- トニ・モリソン
  - 『ビラヴィド』
- The Great Gatsby
- アメリカン・ドリーム
- ベンジャミン・フランクリン
- 『おんぼろディック』
- 金メッキ時代
- ニューヨーク
- 語り手ニック
- ギャツビーの夢
- ギャツビーのロマンティシズム"
10210263000,"△英米文学特論Ａ（３）(シェイクスピア入門)
Special Topics in English and American Literature A (3) (Introduction to Shakespeare)",https://syllabus.doshisha.ac.jp/html/2024/0210/10210263000.html,このクラスでは，シェイクスピアの作品に親しんでもらうことを，第一の目標としている。シェイクスピアの生きた時代，文化，劇場の様子などを解説しながら，個々の作品を紹介し，その解釈について講義していきたい。取り上げる作品は，『ロミオとジュリエット』，『十二夜』，『ハムレット』の三作品である。授業では，作品のテキストの解説を中心に，舞台演出にも話題を広げ，フランコ・ゼフィレッリ，トレバー・ナン，ケネス・ブラナー，バズ・ラーマン，蜷川幸雄等の演出について解説していく予定。またバレエやミュージカル，さらには歌舞伎として再解釈された作品についても紹介したい。,['勝山\u3000貴之'],"(月曜日4講時)
面接/Face-to-face","10210263 
△英米文学特論Ａ（３） (シェイクスピア入門)
Special Topics in English and American Literature A (3) -Introduction to Shakespeare-
2単位/Unit  秋学期/Fall  今出川/Imadegawa  講義/Lecture","実施時期
/Week 授業回/Number of Lesson 授業実施方法
/How to conduct a Lesson 授業実施時間数
/Class Hours
内容/Contents
授業時間外の学習/Assignments
第１週　DO Week
1 オンデマンド（動画視聴）/On-demand(watching video)
90 分/min
シェイクスピア劇場への招待：演劇・映画の魅力：シェイクスピア時代の舞台・劇団・役者
図書館でのテキスト選び。あるいは書店での翻訳作品の購入。次回の予習。
第2週
2 面接/Face-to-face
90 分/min
『ロミオとジュリエット』の物語
PDF教材の予習と復習
第3週
3 面接/Face-to-face
90 分/min
『ロミオとジュリエット』における愛と結婚
PDF教材の予習と復習
第4週
4 面接/Face-to-face
90 分/min
『ロミオとジュリエット』の演出
PDF教材の予習と復習
第5週
5 面接/Face-to-face
90 分/min
復習とまとめ：小テスト(1)
小テストのための準備
第6週
6 面接/Face-to-face
90 分/min
『十二夜』の物語
PDF教材の予習と復習
第7週
7 面接/Face-to-face
90 分/min
『十二夜』における変装
PDF教材の予習と復習
第8週
8 面接/Face-to-face
90 分/min
『十二夜』の演出
PDF教材の予習と復習
第9週
9 面接/Face-to-face
90 分/min
復習とまとめ：小テスト(2)
小テストのための準備
第10週
10 面接/Face-to-face
90 分/min
『ハムレット』と当時の復讐劇
PDF教材の予習と復習
第11週
11 面接/Face-to-face
90 分/min
『ハムレット』における独白
PDF教材の予習と復習
第12週
12 面接/Face-to-face
90 分/min
シェイクスピア の名を語る別人
PDF教材の予習と復習
第13週
13 面接/Face-to-face
90 分/min
シェイクスピア は実在したか
PDF教材の予習と復習
第14週
14 面接/Face-to-face
90 分/min
復習とまとめ：小テスト(3)
小テストのための準備
授業期間終了後/After the Class Period
15 オンデマンド（動画視聴）/On-demand(watching video)
90 分/min
復習とまとめ：シェイクスピア研究の現在
復習とまとめの準備",この講義では、シェイクスピアの『ロミオとジュリエット』、『十二夜』、『ハムレット』を中心に学びます。シェイクスピアの生きた時代や文化、劇場の様子を解説しながら、各作品のテキストを詳しく分析します。また、フランコ・ゼフィレッリ、トレバー・ナン、ケネス・ブラナー、バズ・ラーマン、蜷川幸雄などの演出家による舞台演出や、バレエ、ミュージカル、歌舞伎として再解釈された作品についても紹介します。,"- シェイクスピア
- 『ロミオとジュリエット』
- 『十二夜』
- 『ハムレット』
- 演劇・映画
- シェイクスピア時代の舞台・劇団・役者
- 愛と結婚
- 変装
- 演出
- 復讐劇
- 独白
- シェイクスピアの名を語る別人
- シェイクスピアは実在したか
- シェイクスピア研究の現在","# 講義名
△英米文学特論Ａ（３）(シェイクスピア入門)
Special Topics in English and American Literature A (3) (Introduction to Shakespeare)

# 概要
この講義では、シェイクスピアの『ロミオとジュリエット』、『十二夜』、『ハムレット』を中心に学びます。シェイクスピアの生きた時代や文化、劇場の様子を解説しながら、各作品のテキストを詳しく分析します。また、フランコ・ゼフィレッリ、トレバー・ナン、ケネス・ブラナー、バズ・ラーマン、蜷川幸雄などの演出家による舞台演出や、バレエ、ミュージカル、歌舞伎として再解釈された作品についても紹介します。

# 授業題材
- シェイクスピア
- 『ロミオとジュリエット』
- 『十二夜』
- 『ハムレット』
- 演劇・映画
- シェイクスピア時代の舞台・劇団・役者
- 愛と結婚
- 変装
- 演出
- 復讐劇
- 独白
- シェイクスピアの名を語る別人
- シェイクスピアは実在したか
- シェイクスピア研究の現在"
10210264000,"○英米文学特論Ａ（４）(英文学のためのギリシア・ローマ神話)
Special Topics in English and American Literature A (4) (Classical Mythology and English Literature)",https://syllabus.doshisha.ac.jp/html/2024/0210/10210264000.html,"ギリシア・ローマ神話は聖書と並び，ヨーロッパ文化の根幹をなし，西洋の文学や美術を理解する上で欠かせないものです。例えば美術館に行って「キューピッドとプシュケ」という羽の生えた少年と，蝶の羽をもつ少女の絵を見て，「？」と思ったことや，映画『マトリックス』シリーズのペルセポネ，モーフィアスといった登場人物が，変な名前だと思ったことはありませんか？全ての答えは，神話の中にあります。
この授業では，実際の英文学作品での使用例を眺めつつ，代表的なギリシア･ローマ神話のエピソードを，絵画などの視覚資料も用いて学んでいきます。
毎回授業の始めに，その日の内容に関連した10問クイズを行い，自分がどの程度予備知識があるかを確認します。また，授業の最後には，その日の内容を聞いて自分が考えたこと，感想や質問などを提出してもらいます。その中から数点を，次回の授業の冒頭で取り上げて補足とします。
神話の知識があるだけで，西洋文化の理解がどれ程深まるのか，それを体感してもらえれば，と思っています。",['大沼\u3000由布'],"(金曜日4講時)
面接/Face-to-face","10210264 
○英米文学特論Ａ（４） (英文学のためのギリシア・ローマ神話)
Special Topics in English and American Literature A (4) -Classical Mythology and English Literature-
2単位/Unit  春学期/Spring  今出川/Imadegawa  講義/Lecture","実施時期
/Week 授業回/Number of Lesson 授業実施方法
/How to conduct a Lesson 授業実施時間数
/Class Hours
内容/Contents
授業時間外の学習/Assignments
第１週　DO Week
1 オンデマンド（動画視聴）/On-demand(watching video)
90 分/min
ガイダンス，ギリシア・ローマ神話とは何か
ギリシア神話の成立と発展について復習
第2週
2 面接/Face-to-face
90 分/min
天地創造，ティタン神族，ゼウスによる支配
神々の名前や関係について復習
第3週
3 面接/Face-to-face
90 分/min
人類の誕生，パンドラ，デウカリオンの大洪水
神々の名前や関係について復習
第4週
4 面接/Face-to-face
90 分/min
神々の王ゼウス，ゼウスの女性関係，ゼウスの妻ヘラ
神々の名前や関係について復習
第5週
5 面接/Face-to-face
90 分/min
智恵の女神アテナ，海神ポセイドン，冥界の支配者ハデス
神々の名前や関係について復習
第6週
6 面接/Face-to-face
90 分/min
予言の神アポロン，狩猟の女神アルテミス，酒の神ディオニュソス
神々の名前や関係について復習
第7週
7 面接/Face-to-face
90 分/min
伝令の神ヘルメス，美の女神ヴィーナス，キューピッドとプシュケ
神々の名前や関係について復習
第8週
8 面接/Face-to-face
90 分/min
ペルセウスのゴルゴン退治，オルフェウスの冥界下り，アルゴ号の冒険
英雄の偉業について復習
第9週
9 面接/Face-to-face
90 分/min
ヘラクレスの12の難業，テセウスのミノタウロス退治
英雄の偉業について復習
第10週
10 面接/Face-to-face
90 分/min
トロイア戦争（パリスとヘレネ，アキレウス，トロイの木馬など）
今後数回，後日談が続くので，トロイア戦争について復習
第11週
11 面接/Face-to-face
90 分/min
トロイア戦争後日談（オデュッセウスの旅）
オデュッセウスの足跡について復習
第12週
12 面接/Face-to-face
90 分/min
トロイア戦争後日談（アエネアスの旅とローマ建国）
アエネアスの足跡について復習。
第13週
13 面接/Face-to-face
90 分/min
ギリシア悲劇の世界（オイディプス，アガメムノン，オレステスなど）
ギリシア悲劇について復習
第14週
14 面接/Face-to-face
90 分/min
まとめ，小テスト，多面的評価
今までのノートの見直しとクイズの復習
授業期間終了後/After the Class Period
15 オンデマンド（動画視聴）/On-demand(watching video)
90 分/min
課題と小テストのフィードバック，授業の総括
曖昧なところは見直しておく",この講義では、ギリシア・ローマ神話を中心に学びます。神話はヨーロッパ文化の根幹を成し、英文学や美術の理解に不可欠です。具体的には、「キューピッドとプシュケ」や映画『マトリックス』のキャラクター名など、神話がどのように現代の作品に影響を与えているかを探ります。視覚資料として絵画も用い、神話のエピソードを深く理解します。これにより、西洋文化の理解が一層深まることを目指します。,シラバス参照,"# 講義名
○英米文学特論Ａ（４）(英文学のためのギリシア・ローマ神話)
Special Topics in English and American Literature A (4) (Classical Mythology and English Literature)

# 概要
この講義では、ギリシア・ローマ神話を中心に学びます。神話はヨーロッパ文化の根幹を成し、英文学や美術の理解に不可欠です。具体的には、「キューピッドとプシュケ」や映画『マトリックス』のキャラクター名など、神話がどのように現代の作品に影響を与えているかを探ります。視覚資料として絵画も用い、神話のエピソードを深く理解します。これにより、西洋文化の理解が一層深まることを目指します。

# 授業題材
シラバス参照"
10210265000,"△英米文学特論Ａ（５）(英詩入門)
Special Topics in English and American Literature A (5) (Introduction to Poetry in English)",https://syllabus.doshisha.ac.jp/html/2024/0210/10210265000.html,"このクラスの目的は，英米詩を読めるようになるために必要な知識と技能と態度を習得することにあります。詩とは無縁であると思い込んでいる人が多いようですが，音楽の歌詞や広告のキャッチコピーなどもすべて詩であることを思い出せば，詩が私たちの日常生活に満ち溢れていることにただちに気がつくはずです。誰もが知っていながら，普段は忘れがちな言葉の不思議な魔力について，少し立ち止まって考えてみましょう。
授業においては，毎回，名詩を取り上げて，原文をていねいに読みながら，その主題と技法を具体的に理解してもらいます。何が書いてあるかだけではなく，どのように書いてあるかにも関心を払うことは，文学作品の読み方の基本です。そのような読書態度をしっかり身につければ，小説や演劇を読むときだけではなく，自分で英語の文章を書くときにも，きっと役にたつでしょう。
なお，このクラスは，英語科教員を志望する学生にとって，教科及び教科の指導法に関する科目の選択科目の一つとして位置づけられています。教科及び教科の指導法に関する科目としては，韻律という文学作品特有の英語表現に関する基礎知識を習得することが学習目標となります。",['圓月\u3000勝博'],"(金曜日2講時)
面接/Face-to-face","10210265 
△英米文学特論Ａ（５） (英詩入門)
Special Topics in English and American Literature A (5) -Introduction to Poetry in English-
2単位/Unit  秋学期/Fall  今出川/Imadegawa  講義/Lecture","実施時期
/Week 授業回/Number of Lesson 授業実施方法
/How to conduct a Lesson 授業実施時間数
/Class Hours
内容/Contents
授業時間外の学習/Assignments
第１週　DO Week
1 オンデマンド（動画視聴）/On-demand(watching video)
90 分/min
導入: Sound and Sight
""Do Not Stand at My Grave and Weep""
e. e. cummings，""[r-p-o-p-h-e-s-s-a-g-r]""
復習
第2週
2 面接/Face-to-face
90 分/min
教訓：Rudyard Kipling，""If―"" (9)
予習と復習
第3週
3 面接/Face-to-face
90 分/min
選択：Robert Frost， ""The Road Not Taken"" (77)
予習と復習
第4週
4 面接/Face-to-face
90 分/min
記憶：Seamus Heaney, ""Blackberry-Picking"" (176)
予習と復習
第5週
5 面接/Face-to-face
90 分/min
死：Dylan Thomas， ""Do Not Go Gentle into That Good Night"" (63)
予習と復習
第6週
6 面接/Face-to-face
90 分/min
幻想：Samuel Taylor Coleridge, ""Kubla Khan"" (69-70)
予習と復習
第7週
7 面接/Face-to-face
90 分/min
絵画と音楽：John Keats， ""To Autumn"" (18)
予習と復習
第8週
8 面接/Face-to-face
90 分/min
信仰の喪失と愛：Matthew Arnold, ""Dover Beach""
予習と復習
第9週
9 面接/Face-to-face
90 分/min
愛と憎悪：Robert Browning， ""My Last Duchess"" (116-17)
予習と復習
第10週
10 面接/Face-to-face
90 分/min
人間への愛：William Shakespeare, ""Sonnet 18"" (64)
Elizabeth Barrett Browning, ""Sonnets from the Portuguese XLIII"" (48)
Christina Rossetti, ""Remember"" (25)
予習と復習
第11週
11 面接/Face-to-face
90 分/min
自然と祖国への愛：William Wordsworth, ""Upon Westminster Bridge"" (47)
Rupert Brooke， ""The Soldier"" (44)
予習と復習
第12週
12 面接/Face-to-face
90 分/min
戦争とジェンダー：Wilfred Owen， ""Dulce et Decorum Est"" (20)
予習と復習
第13週
13 面接/Face-to-face
90 分/min
ジェンダーと恋愛：Wendy Cope, ""Bloody Men"" (80)
Carol Ann Duffy， ""Warming Her Pearls"" (184)
予習と復習
第14週
14 面接/Face-to-face
90 分/min
教育の功罪：D. H. Lawrence， ""Snake"" (95-7)
予習と復習および試験準備
授業期間終了後/After the Class Period
15 オンデマンド（動画視聴）/On-demand(watching video)
90 分/min
仕事と余暇：William Henry Davies, ""Leisure"" (32)
Conclusion: What Is Poetry?
復習および試験準備",この講義では、英米詩を中心に学びます。詩の主題と技法を具体的に理解し、詩が日常生活にどのように溶け込んでいるかを考察します。音楽の歌詞や広告のキャッチコピーも詩の一部であることを認識し、言葉の魔力について深く考えます。名詩を原文で丁寧に読み解き、何が書かれているかだけでなく、どのように書かれているかにも注目します。これにより、文学作品の読み方や英語の文章作成に役立つスキルを身につけます。,"- ""Do Not Stand at My Grave and Weep""
- e. e. cummings, ""[r-p-o-p-h-e-s-s-a-g-r]""
- Rudyard Kipling, ""If―""
- Robert Frost, ""The Road Not Taken""
- Seamus Heaney, ""Blackberry-Picking""
- Dylan Thomas, ""Do Not Go Gentle into That Good Night""
- Samuel Taylor Coleridge, ""Kubla Khan""
- John Keats, ""To Autumn""
- Matthew Arnold, ""Dover Beach""
- Robert Browning, ""My Last Duchess""
- William Shakespeare, ""Sonnet 18""
- Elizabeth Barrett Browning, ""Sonnets from the Portuguese XLIII""
- Christina Rossetti, ""Remember""
- William Wordsworth, ""Upon Westminster Bridge""
- Rupert Brooke, ""The Soldier""
- Wilfred Owen, ""Dulce et Decorum Est""
- Wendy Cope, ""Bloody Men""
- Carol Ann Duffy, ""Warming Her Pearls""
- D. H. Lawrence, ""Snake""
- William Henry Davies, ""Leisure""","# 講義名
△英米文学特論Ａ（５）(英詩入門)
Special Topics in English and American Literature A (5) (Introduction to Poetry in English)

# 概要
この講義では、英米詩を中心に学びます。詩の主題と技法を具体的に理解し、詩が日常生活にどのように溶け込んでいるかを考察します。音楽の歌詞や広告のキャッチコピーも詩の一部であることを認識し、言葉の魔力について深く考えます。名詩を原文で丁寧に読み解き、何が書かれているかだけでなく、どのように書かれているかにも注目します。これにより、文学作品の読み方や英語の文章作成に役立つスキルを身につけます。

# 授業題材
- ""Do Not Stand at My Grave and Weep""
- e. e. cummings, ""[r-p-o-p-h-e-s-s-a-g-r]""
- Rudyard Kipling, ""If―""
- Robert Frost, ""The Road Not Taken""
- Seamus Heaney, ""Blackberry-Picking""
- Dylan Thomas, ""Do Not Go Gentle into That Good Night""
- Samuel Taylor Coleridge, ""Kubla Khan""
- John Keats, ""To Autumn""
- Matthew Arnold, ""Dover Beach""
- Robert Browning, ""My Last Duchess""
- William Shakespeare, ""Sonnet 18""
- Elizabeth Barrett Browning, ""Sonnets from the Portuguese XLIII""
- Christina Rossetti, ""Remember""
- William Wordsworth, ""Upon Westminster Bridge""
- Rupert Brooke, ""The Soldier""
- Wilfred Owen, ""Dulce et Decorum Est""
- Wendy Cope, ""Bloody Men""
- Carol Ann Duffy, ""Warming Her Pearls""
- D. H. Lawrence, ""Snake""
- William Henry Davies, ""Leisure"""
10210271000,"○英米文学特論Ａ（１１）(ミュージカルと現代アメリカ社会)
Special Topics in English and American Literature A (11) (Musicals and Contemporary American Society)",https://syllabus.doshisha.ac.jp/html/2024/0210/10210271000.html,このクラスでは，何よりもミュージカル・映画に親しんでもらうことを目標に進めていきたい。ミュージカルを観た経験の少ない人には演劇の入門クラスとして，また既に多くのミュージカルにふれたことのある人には演劇を見直す契機として，授業に参加して欲しいと思う。話題のミュージカル，ブロードウェイのヒット作，そして映画化された舞台作品など，様々な作品を紹介しながら，ミュージカル・映画というジャンルへの興味を喚起したい。,['勝山\u3000貴之'],"(火曜日4講時)
面接/Face-to-face","10210271 
○英米文学特論Ａ（１１） (ミュージカルと現代アメリカ社会)
Special Topics in English and American Literature A (11) -Musicals and Contemporary American Society-
2単位/Unit  春学期/Spring  今出川/Imadegawa  講義/Lecture","実施時期
/Week 授業回/Number of Lesson 授業実施方法
/How to conduct a Lesson 授業実施時間数
/Class Hours
内容/Contents
授業時間外の学習/Assignments
第１週　DO Week
1 オンデマンド（動画視聴）/On-demand(watching video)
90 分/min
劇場への招待：ミュージカル・映画の魅力
次回の予習
第2週
2 面接/Face-to-face
90 分/min
おとぎばなしとディズニー
ーおとぎばなしとディズニー・アニメ『白雪姫』『シンデレラ』ー
PDFの予習・復習
第3週
3 面接/Face-to-face
90 分/min
女性権運動とミュージカル・映画
ー『リトル・マーメイド』『美女と野獣』ー
PDFの予習・復習
第4週
4 面接/Face-to-face
90 分/min
男らしさを求めて
ー『ライオンキング』ー　　　第1回小テスト
PDFの予習・復習
第5週
5 面接/Face-to-face
90 分/min
フランク・ボームの『オズの魔法使い』とミュージカル映画化
PDFの予習・復習
第6週
6 面接/Face-to-face
90 分/min
公民権運動とブラック・カルチャー
PDFの予習・復習
第7週
7 面接/Face-to-face
90 分/min
ブラック・カルチャーの台頭とミュージカル・映画
ーミュージカル『ウィズ』と映画化ー
PDFの予習・復習
第8週
8 面接/Face-to-face
90 分/min
ファンタジー・ブームとミュージカル・映画と9.11
ーミュージカル『ウィキッド』ー　　　　第2回小テスト
PDFの予習・復習
第9週
9 面接/Face-to-face
90 分/min
同性愛差別とアメリカ社会
PDFの予習・復習
第10週
10 面接/Face-to-face
90 分/min
ベトナム戦争とヒッピー・ムーヴメント
ー前衛ミュージカル『ヘアー』の登場ー
PDFの予習・復習
第11週
11 面接/Face-to-face
90 分/min
アメリカの現実とミュージカル・映画
ーミュージカル『コーラス・ライン』ー
PDFの予習・復習
第12週
12 面接/Face-to-face
90 分/min
ゲイ・リベレーション・ムーヴメントとミュージカル・映画
ーミュージカル『コーラス・ライン』ー
PDFの予習・復習
第13週
13 面接/Face-to-face
90 分/min
AIDSとミュージカル・映画
ーミュージカル『レント』ー
PDFの予習・復習
第14週
14 面接/Face-to-face
90 分/min
メイキング『レント』
ージョナサン・ラーソンの遺したものー　　第3回小テスト
PDFの予習・復習
授業期間終了後/After the Class Period
15 オンデマンド（動画視聴）/On-demand(watching video)
90 分/min
ミュージカル映画『ラ・ラ・ランド』
ー授業のまとめー
PDFの予習・復習",この講義では、ミュージカルと映画に焦点を当て、特にブロードウェイのヒット作や映画化された舞台作品を紹介します。ミュージカル初心者には演劇の入門として、経験者には新たな視点での再評価の機会を提供します。話題のミュージカル作品を通じて、ミュージカル・映画というジャンルへの理解と興味を深めることが目標です。,シラバス参照,"# 講義名
○英米文学特論Ａ（１１）(ミュージカルと現代アメリカ社会)
Special Topics in English and American Literature A (11) (Musicals and Contemporary American Society)

# 概要
この講義では、ミュージカルと映画に焦点を当て、特にブロードウェイのヒット作や映画化された舞台作品を紹介します。ミュージカル初心者には演劇の入門として、経験者には新たな視点での再評価の機会を提供します。話題のミュージカル作品を通じて、ミュージカル・映画というジャンルへの理解と興味を深めることが目標です。

# 授業題材
シラバス参照"
10210274000,"○英米文学特論Ａ（１４）
Special Topics in English and American Literature A (14)",https://syllabus.doshisha.ac.jp/html/2024/0210/10210274000.html,英米文学の土台となっている，古代ギリシア・ローマの代表的文学作品を通史的に（日本語訳で）概観する。面接授業の際には，毎回，（「出席」の証明となる）コメントシートを提出してもらう。,['勝又\u3000泰洋'],"(木曜日2講時)
面接/Face-to-face","10210274 
○英米文学特論Ａ（１４）
Special Topics in English and American Literature A (14)
2単位/Unit  春学期/Spring  今出川/Imadegawa  講義/Lecture","実施時期
/Week 授業回/Number of Lesson 授業実施方法
/How to conduct a Lesson 授業実施時間数
/Class Hours
内容/Contents
授業時間外の学習/Assignments
第１週　DO Week
第1回 オンデマンド（動画視聴）/On-demand(watching video)
90 分/min
ギリシア・ラテン文学史を学ぶにあたって
次の回の予習
第2週
第2回 面接/Face-to-face
90 分/min
ホメーロス『イーリアス』
前の回の復習
第3週
第3回 面接/Face-to-face
90 分/min
ヘーシオドス『仕事と日』
前の回の復習
第4週
第4回 面接/Face-to-face
90 分/min
ピンダロス『祝勝歌』
前の回の復習
第5週
第5回 面接/Face-to-face
90 分/min
ソポクレース『オイディプース王』
前の回の復習
第6週
第6回 面接/Face-to-face
90 分/min
アリストパネース『蜂』
前の回の復習
第7週
第7回 面接/Face-to-face
90 分/min
テオクリトス『牧歌』
前の回の復習
第8週
第8回 面接/Face-to-face
90 分/min
プルータルコス『対比列伝』
前の回の復習
第9週
第9回 面接/Face-to-face
90 分/min
プラウトゥス『プセウドールス』
前の回の復習
第10週
第10回 面接/Face-to-face
90 分/min
プロペルティウス『詩集』
前の回の復習
第11週
第11回 面接/Face-to-face
90 分/min
ウェルギリウス『アエネーイス』
前の回の復習
第12週
第12回 面接/Face-to-face
90 分/min
ホラーティウス『カルミナ』
前の回の復習
第13週
第13回 面接/Face-to-face
90 分/min
オウィディウス『変身物語』
前の回の復習
第14週
第14回 面接/Face-to-face
90 分/min
セネカ『メーデーア』
前の回の復習
授業期間終了後/After the Class Period
第15回 オンデマンド（動画視聴）/On-demand(watching video)
90 分/min
まとめ
これまでの回の復習",この講義では、英米文学の基盤を形成する古代ギリシア・ローマの代表的な文学作品を通史的に学びます。ホメロスの『イリアス』や『オデュッセイア』、ウェルギリウスの『アエネーイス』など、古典文学の名作を日本語訳で読み解き、その歴史的背景や影響を探ります。これにより、英米文学の理解を深めることができます。,シラバス参照,"# 講義名
○英米文学特論Ａ（１４）
Special Topics in English and American Literature A (14)

# 概要
この講義では、英米文学の基盤を形成する古代ギリシア・ローマの代表的な文学作品を通史的に学びます。ホメロスの『イリアス』や『オデュッセイア』、ウェルギリウスの『アエネーイス』など、古典文学の名作を日本語訳で読み解き、その歴史的背景や影響を探ります。これにより、英米文学の理解を深めることができます。

# 授業題材
シラバス参照"
10210281000,"△英語文化特論Ａ（１）
Special Topics in English and American Culture A (1)",https://syllabus.doshisha.ac.jp/html/2024/0210/10210281000.html,この授業では，植民地時代からこんにちまでの間のアメリカ史及びアメリカ文化史を概観し，主要な事象を簡潔に分かりやすく導入します。文学・文化研究の際に必要となる社会的背景を通史的に理解し，個別事象との関連付けの一助となることを目指します。なるべく多くの図版・資料を示しながら授業をすすめます。授業では，毎回，パワーポイントによる提示と同時に，資料を配布し，各自が内容を整理・確認できるようにします。学期期間中に授業内容理解や定着を確認するための小レポートを複数回実施する予定です。,['白川\u3000恵子'],"(月曜日2講時)
面接/Face-to-face","10210281 
△英語文化特論Ａ（１）
Special Topics in English and American Culture A (1)
2単位/Unit  秋学期/Fall  今出川/Imadegawa  講義/Lecture","実施時期
/Week 授業回/Number of Lesson 授業実施方法
/How to conduct a Lesson 授業実施時間数
/Class Hours
内容/Contents
授業時間外の学習/Assignments
第１週　DO Week
1
オンデマンド（動画視聴）/On-demand(watching video)
30 分/min
イントロダクション：授業の趣旨と進め方，評価方法などについて，アメリカの多様性について
授業内容と進捗についての理解
第１週　DO Week
1 オンデマンド（動画視聴）/On-demand(watching video)
60 分/min
入植の歴史とピューリタニズム
毎回の授業内容の復習・配信動画およびE-class掲載資料の読解と理解
第2週
2 面接/Face-to-face
90 分/min
異端と魔女狩り
毎回の授業内容の復習・e-class掲載資料の読解と理解
第3週
3 面接/Face-to-face
90 分/min
先住民への政策
毎回の授業内容の復習・e-class掲載資料の読解と理解
第4週
4 面接/Face-to-face
90 分/min
アメリカ独立戦争と独立宣言
毎回の授業内容の復習・e-class掲載資料の読解と理解
第4週
4 オンデマンド（授業内課題）/On-demand(assignment in class)
20 分/min
小クイズ① 授業内容の確認
授業内容の復習・理解，クイズへの取り組み
第5週
5 面接/Face-to-face
90 分/min
合衆国憲法と建国の父祖たち
毎回の授業内容の復習・e-class掲載資料の読解と理解
第5週
6 オンデマンド（動画視聴）/On-demand(watching video)
50 分/min
建国の父祖たちとワシントンの神格化
毎回の授業内容の復習・配信動画およびe-class掲載資料の読解と理解
第6週
7 面接/Face-to-face
90 分/min
ナショナリズムの高揚と領土拡大
毎回の授業内容の復習・e-class掲載資料の読解と理解
第7週
8 面接/Face-to-face
90 分/min
奴隷制度と南北戦争
毎回の授業内容の復習・理解
第8週
9 面接/Face-to-face
90 分/min
南部再建と南部復権
毎回の授業内容の復習・e-class掲載資料の読解と理解
第9週
10 面接/Face-to-face
90 分/min
世紀転換期のアメリカ，小レポート②
毎回の授業内容の復習・e-class掲載資料の読解と理解，小レポートの作成
第10週
11 面接/Face-to-face
90 分/min
二大世界大戦の間：1920年代，1930年代のアメリカ社会
毎回の授業内容の復習・e-class掲載資料の読解と理解
第11週
12 面接/Face-to-face
90 分/min
第二次世界大戦後のアメリカ：冷戦と赤狩り
毎回の授業内容の復習・e-class掲載資料の読解と理解
第12週
13 面接/Face-to-face
90 分/min
アメリカ1960年代：公民権運動の激動とパワーの時代，
毎回の授業内容の復習・e-class掲載資料の読解と理解
第12週
13 オンデマンド（授業内課題）/On-demand(assignment in class)
20 分/min
小クイズ② 授業内容の確認
授業内容の復習・理解，クイズへの取り組み
第13週
14 面接/Face-to-face
90 分/min
アメリカ1970年代：女性の権利の拡大とヴェトナム戦争，小レポート③
毎回の授業内容の復習・e-class掲載資料の読解と理解，小レポートの作成
第14週
15 面接/Face-to-face
90 分/min
総括とまとめ，20世紀末～こんにちのアメリカ
授業全体の総括，期末試験にむけての準備",この講義では、植民地時代から現代までのアメリカ史とアメリカ文化史を学びます。主要な歴史的事象や文化的変遷を通史的に理解し、文学・文化研究に必要な社会的背景を把握することが目的です。具体的には、アメリカ独立戦争、南北戦争、20世紀の市民権運動などの重要な出来事を取り上げ、それらが文学や文化に与えた影響を探ります。多くの図版や資料を用いて、視覚的に理解を深めることができます。,シラバス参照,"# 講義名
△英語文化特論Ａ（１）
Special Topics in English and American Culture A (1)

# 概要
この講義では、植民地時代から現代までのアメリカ史とアメリカ文化史を学びます。主要な歴史的事象や文化的変遷を通史的に理解し、文学・文化研究に必要な社会的背景を把握することが目的です。具体的には、アメリカ独立戦争、南北戦争、20世紀の市民権運動などの重要な出来事を取り上げ、それらが文学や文化に与えた影響を探ります。多くの図版や資料を用いて、視覚的に理解を深めることができます。

# 授業題材
シラバス参照"
10210283000,"○英語文化特論Ａ（３）(英米出版文化論)
Special Topics in English and American Culture A (3) (British and American Print Culture)",https://syllabus.doshisha.ac.jp/html/2024/0210/10210283000.html,"グーテンベルクの出版革命からグーグルによる知の電子化の時代へ，私たちは今，出版文化の歴史的変化を目の当たりにしている。「紙の本」がなくなり，「読者」が「端末ユーザー」と呼ばれるようになるとき，私たちは何を失い，どのような可能性を手に入れるのか？そして，「文学」はどこへ行こうとするのだろう？
この授業では，21世紀の出版文化に関わるこれらの問いを念頭に置いて，中世から20 世紀初めまでの英米出版文化，つまり電子映像メディアが台頭するまでの活字文化と文学や社会の関係性を考察する。写本から活版印刷の時代としての中世，新聞を中心として読者公衆が誕生した近代イギリス，イギリス植民地から発展したアメリカにおける活字メディアの広がりなど，それぞれの時代を専門とする担当者のリレー講義を通して，活字メディアの発展と社会への影響力を知ることで，英米の文学や文化に対する新たな視座が開かれることを期待する。","['金津\u3000和美', '大沼\u3000由布', '石塚\u3000則子']","(火曜日4講時)
面接/Face-to-face","10210283 
○英語文化特論Ａ（３） (英米出版文化論)
Special Topics in English and American Culture A (3) -British and American Print Culture-
2単位/Unit  春学期/Spring  今出川/Imadegawa  講義/Lecture","実施時期
/Week 授業回/Number of Lesson 授業実施方法
/How to conduct a Lesson 授業実施時間数
/Class Hours
内容/Contents
授業時間外の学習/Assignments
第１週　DO Week
1 オンデマンド（動画視聴）/On-demand(watching video)
30 分/min
ガイダンス
シラバスを熟読する
第2週
2 面接/Face-to-face
90 分/min
「出版」の概念と中世の書物（担当：大沼由布）
中世書物文化について復習
第3週
3 面接/Face-to-face
90 分/min
中世写本について（担当：大沼由布）
中世書物文化について復習
第4週
4 面接/Face-to-face
90 分/min
グーテンベルクと活版印刷術の発明（担当：大沼由布）
中世書物文化について復習
第5週
5 面接/Face-to-face
90 分/min
ヨーロッパの初期印刷本（担当：大沼由布）
中世書物文化について復習
第5週
6 オンデマンド（授業内課題）/On-demand(assignment in class)
60 分/min
中世書物文化についての小テスト2種類
中世書物文化について復習
7 オンデマンド（動画視聴）/On-demand(watching video)
30 分/min
18世紀イギリス―中産階級の台頭と公共圏（担当：金津和美）
近代イギリス出版文化について復習
第6週
8 面接/Face-to-face
90 分/min
「作者」の誕生―版権争議と知的財産（担当：金津和美）
近代イギリス出版文化について復習
第7週
9 面接/Face-to-face
90 分/min
イギリス・ロマン主義と文学的セレブ―詩の時代から小説の時代へ（担当：金津和美）
近代イギリス出版文化について復習
第8週
10 面接/Face-to-face
90 分/min
大衆読者の成長と台頭―「想像の共同体」と近代イギリス出版文化（担当：金津和美）
近代イギリス出版文化について復習
第9週
11 面接/Face-to-face
90 分/min
環大西洋英語文化圏の成立―近代イギリス出版文化についてのまとめ（担当：金津和美）
近代イギリス出版文化について復習
12 オンデマンド（授業内課題）/On-demand(assignment in class)
30 分/min
近代イギリス出版文化についての小テスト
近代イギリス出版文化について復習
第10週
13 面接/Face-to-face
90 分/min
アメリカ建国期の文学事情―著述業の確立まで（担当：石塚則子）
アメリカ出版文化についての復習
第11週
14 面接/Face-to-face
90 分/min
近代化とアメリカ文学市場の発展ー家庭小説と「物書き女たち」（担当：石塚則子）
アメリカ出版文化についての復習
第12週
15 面接/Face-to-face
90 分/min
読者層と活字文化の拡がり―児童文学発展の背景（担当：石塚則子）
アメリカ出版文化についての復習
第13週
16 面接/Face-to-face
90 分/min
消費資本主義の台頭と活字メディアの変化（担当：石塚則子）
アメリカ出版文化についての復習
第13週
17 オンデマンド（授業内課題）/On-demand(assignment in class)
30 分/min
アメリカ出版文化についての小テスト
アメリカ出版文化についての復習
第14週
18 面接/Face-to-face
90 分/min
20世紀転換期までのアメリカ出版文化についてのまとめ，小テスト（担当：石塚則子）
アメリカ出版文化についての復習",この講義では、グーテンベルクの出版革命から現代の電子化までの出版文化の変遷を学びます。中世の写本、活版印刷、近代イギリスの新聞、アメリカの活字メディアの広がりを通じて、活字文化と文学や社会の関係性を考察します。21世紀の出版文化における「紙の本」と「端末ユーザー」の変化を踏まえ、文学の未来についても探求します。英米の文学や文化に対する新たな視座を提供することを目指します。,シラバス参照,"# 講義名
○英語文化特論Ａ（３）(英米出版文化論)
Special Topics in English and American Culture A (3) (British and American Print Culture)

# 概要
この講義では、グーテンベルクの出版革命から現代の電子化までの出版文化の変遷を学びます。中世の写本、活版印刷、近代イギリスの新聞、アメリカの活字メディアの広がりを通じて、活字文化と文学や社会の関係性を考察します。21世紀の出版文化における「紙の本」と「端末ユーザー」の変化を踏まえ、文学の未来についても探求します。英米の文学や文化に対する新たな視座を提供することを目指します。

# 授業題材
シラバス参照"
10210284000,"○英語文化特論Ａ（４）(イギリスカントリーハウスの旅)
Special Topics in English and American Culture A (4) (Journey to British Coutnry Houseｓ)",https://syllabus.doshisha.ac.jp/html/2024/0210/10210284000.html,"イギリスの歴史，文化，生活を象徴するカントリー・ハウスについて学びます。
カントリー・ハウスの歴史，意味，変化を追い，さらに，映画や文学の舞台となるカントリー・ハウスの意味を見出し，その空間的意義をみつけてみます。スライドやビデオ等を用いて説明します。
さらに現代の私たちの生活の中にカントリー・ハウスを起源とし，一種のファッションとして輸入された文化であるガーデニング，インテリア，絵画，フラワー・アレンジメント，アフタヌーン・ティー，アロマ・セラピー，カントリー・スタイルのファッション等についても調べてみます。",['臼井\u3000雅美'],"(月曜日3講時)
面接/Face-to-face","10210284 
○英語文化特論Ａ（４） (イギリスカントリーハウスの旅)
Special Topics in English and American Culture A (4) -Journey to British Coutnry Houseｓ-
2単位/Unit  春学期/Spring  今出川/Imadegawa  講義/Lecture","実施時期
/Week 授業回/Number of Lesson 授業実施方法
/How to conduct a Lesson 授業実施時間数
/Class Hours
内容/Contents
授業時間外の学習/Assignments
第１週　DO Week
1 オンデマンド（動画視聴）/On-demand(watching video)
90 分/min
イントロダクション：カントリー・ハウスとは何か？
イギリスにおける城からカントリーハウスの誕生へ
予習としてシラバスを読んでくる
第2週
2 面接/Face-to-face
90 分/min
カントリー・ハウスの定義と意義
配布プリント熟読
第3週
3 面接/Face-to-face
90 分/min
イギリス・カントリーハウスの誕生ー中世の城からマナー・ハウス，そしてカントリーハウスへ
配布プリント熟読
第4週
4 面接/Face-to-face
90 分/min
イギリス・カントリーハウスの変遷（１）ー１７世紀までのカントリー・ハウス
映画『オーランド』（ヴァージニア・ウルフ原作），
『恋の闇，愛の光』など
配布プリント熟読
第5週
5 面接/Face-to-face
90 分/min
イギリス・カントリーハウスの変遷（２）ー１８世紀のカントリー・ハウス
映画『マンスフィールドパーク』，『高慢と偏見』（ジェーン・オースティン原作）など
配布プリント熟読
第6週
6 面接/Face-to-face
90 分/min
イギリス・カントリーハウスの変遷（３）１　ヴィクトリア時代について
配布プリント熟読
第7週
7 面接/Face-to-face
90 分/min
イギリス・カントリーハウスの変遷（３）２　ヴィクトリア時代のカントリーハウス
映画『嵐が丘』（エミリー・ブロンテ原作），『ジェーン・エア』（シャーロット・ブロンテ原作）など
配布プリント熟読
第8週
8 面接/Face-to-face
90 分/min
イギリス・カントリーハウスの変遷（４）２０世紀のカントリーハウス
映画『エンドハウス殺人事件』（アガサ・クリスティ原作），『ハワーズエンド』（E.M.フォースター原作），
『日の名残り』（カズオ・イシグロ原作）
配布プリント熟読
第9週
9 面接/Face-to-face
90 分/min
カントリーハウスと学校ーイギリスの教育と学校：パブリック・スクールと大学
映画『小公女』（フランシス・バーネット原作），『ハリーポッターと賢者の石』（J.K.ローリング原作）など
配布プリント熟読
第10週
10 面接/Face-to-face
90 分/min
カントリー・ハウスと庭園ーイギリスのガーデニングとキュー・ガーデンズの役割
映画『秘密の花園』（フランシス・バーネット原作），
『グリーンフィンガーズ』，『フラワーショー！』など
配布プリント熟読
第11週
11 面接/Face-to-face
90 分/min
カントリーハウスとコテージ，およびナショナルトラスト運動
映画『千と千尋の神隠し』，『ピーターラビット』
配布プリント熟読
第12週
12 面接/Face-to-face
90 分/min
カントリーハウスと食生活ーアフタヌーンティーなど
映画『不思議の国のアリス』（ルイス・キャロル原作），
『メアリー・ポピンズ』，『マイ・フェア・レディ』など
配布プリント熟読
第13週
13 面接/Face-to-face
90 分/min
カントリーハウスと肖像画ー美術館への道のり
Wallace　Collectionについて
映画『ベルーある伯爵令嬢の恋』，『アナと雪の女王』など
配布プリント熟読
第14週
14 面接/Face-to-face
90 分/min
イギリス・カントリーハウスとインテリアー
映画『ナルニア国物語』（C.S.ルイス原作），『ハリーポッターと秘密の部屋』など
配布プリント熟読
授業期間終了後/After the Class Period
15 オンデマンド（動画視聴）/On-demand(watching video)
90 分/min
カントリーハウスと文化記号の意義に関してのまとめ
講評
期末レポート作成準備",この講義では、イギリスの歴史や文化を象徴するカントリー・ハウスについて学びます。カントリー・ハウスの歴史、意味、変遷を追い、映画や文学での舞台としての意義を探ります。また、ガーデニング、インテリア、絵画、フラワー・アレンジメント、アフタヌーン・ティー、アロマ・セラピー、カントリー・スタイルのファッションなど、現代の生活に影響を与えたカントリー・ハウス由来の文化についても調査します。スライドやビデオを用いて視覚的に理解を深めます。,"- カントリー・ハウス
- ヴァージニア・ウルフ『オーランド』
- 『恋の闇，愛の光』
- ジェーン・オースティン『マンスフィールドパーク』
- ジェーン・オースティン『高慢と偏見』
- エミリー・ブロンテ『嵐が丘』
- シャーロット・ブロンテ『ジェーン・エア』
- アガサ・クリスティ『エンドハウス殺人事件』
- E.M.フォースター『ハワーズエンド』
- カズオ・イシグロ『日の名残り』
- フランシス・バーネット『小公女』
- J.K.ローリング『ハリーポッターと賢者の石』
- フランシス・バーネット『秘密の花園』
- ルイス・キャロル『不思議の国のアリス』
- C.S.ルイス『ナルニア国物語』
- J.K.ローリング『ハリーポッターと秘密の部屋』","# 講義名
○英語文化特論Ａ（４）(イギリスカントリーハウスの旅)
Special Topics in English and American Culture A (4) (Journey to British Coutnry Houseｓ)

# 概要
この講義では、イギリスの歴史や文化を象徴するカントリー・ハウスについて学びます。カントリー・ハウスの歴史、意味、変遷を追い、映画や文学での舞台としての意義を探ります。また、ガーデニング、インテリア、絵画、フラワー・アレンジメント、アフタヌーン・ティー、アロマ・セラピー、カントリー・スタイルのファッションなど、現代の生活に影響を与えたカントリー・ハウス由来の文化についても調査します。スライドやビデオを用いて視覚的に理解を深めます。

# 授業題材
- カントリー・ハウス
- ヴァージニア・ウルフ『オーランド』
- 『恋の闇，愛の光』
- ジェーン・オースティン『マンスフィールドパーク』
- ジェーン・オースティン『高慢と偏見』
- エミリー・ブロンテ『嵐が丘』
- シャーロット・ブロンテ『ジェーン・エア』
- アガサ・クリスティ『エンドハウス殺人事件』
- E.M.フォースター『ハワーズエンド』
- カズオ・イシグロ『日の名残り』
- フランシス・バーネット『小公女』
- J.K.ローリング『ハリーポッターと賢者の石』
- フランシス・バーネット『秘密の花園』
- ルイス・キャロル『不思議の国のアリス』
- C.S.ルイス『ナルニア国物語』
- J.K.ローリング『ハリーポッターと秘密の部屋』"
10210285000,"△英語文化特論Ａ（５）
Special Topics in English and American Culture A (5)",https://syllabus.doshisha.ac.jp/html/2024/0210/10210285000.html,"「青春」とは「若さ」とはなんでしょうか？　巷にはキラキラした青春を描く映画やドラマ，漫画が氾濫していますが，実際に，そのような充実したリアルな生活を送っている人はわずかでしょう。「青春」はメディアによって作られるものです。

そのような現象が顕著になったのは第二次世界大戦後です。イギリスでは戦後のベビーブームがあり，福祉国家体制の確立が子育てをサポートするようになります。強大な世代層がティーンエイジャーとなる1950年代後半には，「若さ」や「青春」にかんする言説が溢れるようになります。1960年代にはBeatlesの音楽やMary Quantのファッションが若者を魅了するようになります。しかしもう一方で，そのようなキラキラした青春とは異なる，やさぐれた若者を描く文学，映画，演劇作品も多く発表されます。そのような作品では，やり場のない怒りと苛立ちを内包した「不良」が主人公になります。

本授業では，そのような作品を取り上げ，テディボーイ，ロッカーズ，モッズなどtribe文化を背景に，1950年代から60年代にかけて若者――とくにワル――が表象された理由を分析し，その意義を検討します。同時にこの時代，社会主義言説が説得力を失ったことにより，不良の爆発力への期待が高まり，上記のような作品を生み出したという仮説を検証します。テクストだけでなく，映像やスライドも多く使用します。",['川島\u3000健'],"(金曜日2講時)
面接/Face-to-face","10210285 
△英語文化特論Ａ（５）
Special Topics in English and American Culture A (5)
2単位/Unit  秋学期/Fall  今出川/Imadegawa  講義/Lecture","実施時期
/Week 授業回/Number of Lesson 授業実施方法
/How to conduct a Lesson 授業実施時間数
/Class Hours
内容/Contents
授業時間外の学習/Assignments
第１週　DO Week
1 オンデマンド（動画視聴）/On-demand(watching video)
90 分/min
この授業の目的と概要
配布資料を熟読すること
第2週
2 面接/Face-to-face
90 分/min
ジョン・オズボーン『怒りをこめて振り返れ』：怒れる若者たち（１）
――女性たちの時代
配布資料を熟読すること
第3週
3 面接/Face-to-face
90 分/min
ジョン・オズボーン『怒りをこめて振り返れ』：怒れる若者たち（２）
――ジャズとマスキュリニティの危機
配布資料を熟読すること
第4週
4 面接/Face-to-face
90 分/min
アラン・シリトー「長距離走者の孤独」：不良青年の誕生（１）
――大人vs.若者
配布資料を熟読すること
第5週
5 面接/Face-to-face
90 分/min
アラン・シリトー「長距離走者の孤独」：不良青年の誕生（２）
――スポーツは健全な精神を育むのか
配布資料を熟読すること
第6週
6 面接/Face-to-face
90 分/min
アラン・シリトー『土曜の夜と日曜の朝』：労働者階級のテディボーイ（１）
――工場で欲望は生産されるのか
配布資料を熟読すること
第7週
7 面接/Face-to-face
90 分/min
アラン・シリトー『土曜の夜と日曜の朝』：労働者階級のテディボーイ（２）
――豊かな時代の若者と戦争
配布資料を熟読すること
第8週
8 オンデマンド（授業内課題）/On-demand(assignment in class)
90 分/min
第1回から第7回のまとめ＋小テスト
これまでの復習
第9週
9 面接/Face-to-face
90 分/min
コリン・マッキネス『アブソリュート・ビギナーズ』：モッズと人種差別（１）
――ファッションは階級と人種を超えるのか
配布資料を熟読すること
第10週
10 面接/Face-to-face
90 分/min
コリン・マッキネス『アブソリュート・ビギナーズ』：モッズと人種差別（２）
――ノッティングヒル暴動と大人の責任
配布資料を熟読すること
第11週
11 面接/Face-to-face
90 分/min
アントニー・バージェス『時計じかけのオレンジ』：若さと選択の自由（１）
――若者ファッションと戦争の影
配布資料を熟読すること
第12週
12 面接/Face-to-face
90 分/min
アントニー・バージェス『時計じかけのオレンジ』：若さと選択の自由（２）
――小説と映画，ふたつの結末
配布資料を熟読すること
第13週
13 面接/Face-to-face
90 分/min
ジョン・ファウルズ『コレクター』：オタク青年と意識高い系女子の出会い（１）
――成金所有
配布資料を熟読すること
第14週
14 面接/Face-to-face
90 分/min
ジョン・ファウルズ『コレクター』：オタク青年と意識高い系女子の出会い（２）
――文化資本
配布資料を熟読すること
授業期間終了後/After the Class Period
15 オンデマンド（授業内課題）/On-demand(assignment in class)
90 分/min
第9回から第14回のまとめ＋小テスト
これまでの復習",この講義では、1950年代から60年代のイギリスにおける「青春」と「若さ」の表象を分析します。特に、戦後のベビーブームや福祉国家体制の影響で生まれた若者文化に焦点を当て、テディボーイ、ロッカーズ、モッズなどのtribe文化を背景に、やさぐれた若者を描く文学、映画、演劇作品を取り上げます。ビートルズの音楽やメアリー・クワントのファッションといったポジティブな側面と対比しながら、不良の爆発力への期待が作品に与えた影響を検証します。,"- ジョン・オズボーン『怒りをこめて振り返れ』
- アラン・シリトー「長距離走者の孤独」
- アラン・シリトー『土曜の夜と日曜の朝』
- コリン・マッキネス『アブソリュート・ビギナーズ』
- アントニー・バージェス『時計じかけのオレンジ』
- ジョン・ファウルズ『コレクター』","# 講義名
△英語文化特論Ａ（５）
Special Topics in English and American Culture A (5)

# 概要
この講義では、1950年代から60年代のイギリスにおける「青春」と「若さ」の表象を分析します。特に、戦後のベビーブームや福祉国家体制の影響で生まれた若者文化に焦点を当て、テディボーイ、ロッカーズ、モッズなどのtribe文化を背景に、やさぐれた若者を描く文学、映画、演劇作品を取り上げます。ビートルズの音楽やメアリー・クワントのファッションといったポジティブな側面と対比しながら、不良の爆発力への期待が作品に与えた影響を検証します。

# 授業題材
- ジョン・オズボーン『怒りをこめて振り返れ』
- アラン・シリトー「長距離走者の孤独」
- アラン・シリトー『土曜の夜と日曜の朝』
- コリン・マッキネス『アブソリュート・ビギナーズ』
- アントニー・バージェス『時計じかけのオレンジ』
- ジョン・ファウルズ『コレクター』"
10210288000,"△英語文化特論Ａ（８）(近世・近代イギリスにおける非ヨーロッパ世界との貿易とその影響)
Special Topics in English and American Culture A (8) (The Trade with the Non-European World and Its Influences in the Early Modern and Modern Britain)",https://syllabus.doshisha.ac.jp/html/2024/0210/10210288000.html,"イギリスは，16世紀半ばに大航海時代を迎え，非ヨーロッパ世界への探検・植民を本格化させていく。そして，17世紀半ば以後の一世紀間には，貿易相手地域および植民地を飛躍的に増大させ，従来の貿易構造を劇的に変化させた。これにより，流入した非ヨーロッパ世界の物産が，イギリス人の生活文化も一変させることになった。
本講義は，近世および近代イギリスにおける非ヨーロッパ世界との貿易の発展と，それに伴う生活文化の変化を論じるものである。",['山本\u3000範子'],"(月曜日2講時)
面接/Face-to-face","10210288 
△英語文化特論Ａ（８） (近世・近代イギリスにおける非ヨーロッパ世界との貿易とその影響)
Special Topics in English and American Culture A (8) -The Trade with the Non-European World and Its Influences in the Early Modern and Modern Britain-
2単位/Unit  秋学期/Fall  今出川/Imadegawa  講義/Lecture","実施時期
/Week 授業回/Number of Lesson 授業実施方法
/How to conduct a Lesson 授業実施時間数
/Class Hours
内容/Contents
授業時間外の学習/Assignments
第１週　DO Week
1回 オンデマンド（動画視聴）/On-demand(watching video)
90 分/min
ガイダンス
参考文献に目を通しておく
第2週
2回 面接/Face-to-face
90 分/min
イギリスの大航海時代
レジメ，参考文献に目を通しておく
第3週
3回 面接/Face-to-face
90 分/min
イギリスの大航海時代
レジメ，参考文献に目を通しておく
第4週
4回 面接/Face-to-face
90 分/min
海外進出と起業家ジェントリの出現
レジメ，参考文献に目を通しておく
第5週
5回 面接/Face-to-face
90 分/min
海外進出と起業家ジェントリの出現
レジメ，参考文献に目を通しておく
第6週
6回 面接/Face-to-face
90 分/min
「イギリス商業革命」の展開
レジメ，参考文献に目を通しておく
第7週
7回 面接/Face-to-face
90 分/min
「イギリス商業革命」の背景
レジメ，参考文献に目を通しておく
第8週
8回 面接/Face-to-face
90 分/min
「イギリス商業革命」の背景
レジメ，参考文献に目を通しておく
第9週
9回 面接/Face-to-face
90 分/min
「商業革命」がもたらした都市の発達
レジメ，参考文献に目を通しておく
第10週
10回 面接/Face-to-face
90 分/min
「商業革命」がもたらした都市の発達
レジメ，参考文献に目を通しておく
第11週
11回 面接/Face-to-face
90 分/min
「生活革命」:砂糖と紅茶
レジメ，参考文献に目を通しておく
第12週
12回 面接/Face-to-face
90 分/min
「生活革命」:砂糖と紅茶
レジメ，参考文献に目を通しておく
第13週
13回 面接/Face-to-face
90 分/min
「生活革命」:綿織物
レジメ，参考文献に目を通しておく
第14週
14回 面接/Face-to-face
90 分/min
「生活革命」:綿織物
レジメ，参考文献に目を通しておく
授業期間終了後/After the Class Period
15回 オンデマンド（動画視聴）/On-demand(watching video)
90 分/min
講義の総括
レジメ，史料，自分のノートに目を通しておく",この講義では、16世紀半ばから17世紀にかけてのイギリスの大航海時代を中心に、非ヨーロッパ世界との貿易の発展とその影響について学びます。具体的には、イギリスがどのようにして貿易相手地域や植民地を拡大し、それがイギリスの生活文化にどのような変化をもたらしたかを探求します。近世および近代のイギリス社会における貿易構造の劇的な変化と、それに伴う文化的影響を理解することが目的です。,シラバス参照,"# 講義名
△英語文化特論Ａ（８）(近世・近代イギリスにおける非ヨーロッパ世界との貿易とその影響)
Special Topics in English and American Culture A (8) (The Trade with the Non-European World and Its Influences in the Early Modern and Modern Britain)

# 概要
この講義では、16世紀半ばから17世紀にかけてのイギリスの大航海時代を中心に、非ヨーロッパ世界との貿易の発展とその影響について学びます。具体的には、イギリスがどのようにして貿易相手地域や植民地を拡大し、それがイギリスの生活文化にどのような変化をもたらしたかを探求します。近世および近代のイギリス社会における貿易構造の劇的な変化と、それに伴う文化的影響を理解することが目的です。

# 授業題材
シラバス参照"
10210290001,"△英語文化特論Ａ（１０）-1
Special Topics in English and American Culture A (10)-1",https://syllabus.doshisha.ac.jp/html/2024/0210/10210290001.html,この講義では主に19世紀後半から20世紀末までの英米の音楽（ジャズ，ロック，ポップス）をとりあげ，音楽史および当時の社会情勢－黒人公民権運動，ベトナム戦争，サッチャリズムの余波など－について学ぶ。年代順に音楽作品をとりあげ，音楽と社会情勢が密接に関係し合っていた点，当時多くの人が親しんでいた音楽が，異人種間，異国間，異ジャンル間の複雑な相互影響により生み出されていた点などを解説する。その他にも，曲のタイトルや歌詞といった「ことば」のみならず，和音，メロディー，リズムの発展についても，時間の許す限り解説したい。またこの講義では音楽の批評の仕方についても触れてみたい。,['金谷\u3000益道'],"(火曜日2講時)
面接/Face-to-face","10210290-001 
△英語文化特論Ａ（１０）－1
Special Topics in English and American Culture A (10)－1
2単位/Unit  秋学期/Fall  今出川/Imadegawa  講義/Lecture","実施時期
/Week 授業回/Number of Lesson 授業実施方法
/How to conduct a Lesson 授業実施時間数
/Class Hours
内容/Contents
授業時間外の学習/Assignments
第１週　DO Week
1 オンデマンド（動画視聴）/On-demand(watching video)
90 分/min
Introduction: 基礎用語の解説（和音[コード]，ドミナント・モーションなど）/ ジャズその１～アフロアメリカンが生み出した音楽－黒人霊歌，ブルース，ゴスペル，ラグタイム / ブルースの三つのコードとジャズやロックとの関係
復習
第2週
2 面接/Face-to-face
90 分/min
ジャズその２～ジャズ発祥の地ニュー・オーリンズの音楽 / 黒人の地位の変遷―ミンストレル・ショーからスウィングへ
復習
第3週
3 面接/Face-to-face
90 分/min
ジャズその３～崇拝される黒人文化の誕生―スウィングからモダン・ジャズへ
ロック・ポップスその１～ロックンロールの誕生－黒人のR&Bと白人のカントリー・ミュージック / 若者文化の成立と体制側からの締め付け－E・プレスリー，B・ホリー，C・ベリー
復習
第4週
4 面接/Face-to-face
90 分/min
ロック・ポップスその２～大西洋を渡ったアメリカ音楽 / スキッフルとイギリスの若者たち / ビートルズと「ブリティッシュ・インヴェイジョン」－アメリカを席巻するイギリスの音楽
復習
第5週
5 面接/Face-to-face
90 分/min
ロック・ポップスその３～イギリスの白人ブルース・バンド－ローリング・ストーンズとエリック・クラプトン / 「モッズ」 vs. 「ロッカーズ」－音楽とファッション
復習
第6週
6 面接/Face-to-face
90 分/min
ジャズその４～ 民族意識の高まりとモード・ジャズ－M・デイヴィスとJ・コルトレーン / 黒人公民権運動とジャズ －キャンディッド・レコーズの挑戦
ロック・ポップスその４～ 分業による黒人ポップス・黒人ソウルの量産－レコード会社「モータウン」と「スタックス」 / アフロアメリカンのビートとファンク
復習
第7週
7 面接/Face-to-face
90 分/min
ロック・ポップスその５～進化するロック・ポップス－ボブ・ディランとビート詩人の影響 / コンサート・ツアーからスタジオでの実験へ－ビートルズ　vs. ビーチ・ボーイズ
ジャズその５～ロック，ファンクに嫉妬するジャズ・ミュージシャン－M・デイヴィスとフュージョン
復習
第8週
8 面接/Face-to-face
90 分/min
ロック・ポップスその６～/ ベトナム戦争とフラワー・チャイルド－ヒッピー文化の盛衰
ジャズその６～フリー・ジャズと前衛音楽－プロからのアプローチ，アマチュアからのアプローチ / ストリート文化とジャズの邂逅－演奏技術を持たないミュージシャンの登場
復習
第9週
9 面接/Face-to-face
90 分/min
ロック・ポップスその７～アート化するロック－コンセプト・アルバムの誕生 / 巨大化・演劇化するコンサート－付随物となっていく音楽 / 電子音楽時代の到来 / ファンクからディスコ・ミュージックへ / レゲエ・ブームとイギリスの黒人移民
復習
第10週
10 面接/Face-to-face
90 分/min
ロック・ポップスその８～「音楽」は重要ではなくなったのか？－パンク・ロック，MTVの時代 / サンプリングが変えた音楽制作－ラップ・ミュージシャンとトレヴァー・ホーン / ワールド・ミュージックとグローバリゼーション
復習
第11週
11 面接/Face-to-face
90 分/min
ロック・ポップスその９～オルタナティブ・ロックとニュー・ウェーヴの誕生 / 慈善活動と音楽－「ライブ・エイド」の衝撃 / 原点回帰とアンプラグドのブーム
復習
第12週
12 面接/Face-to-face
90 分/min
ジャズその７～原点回帰か変容か－ジャズの名門一家マルサリス兄弟の選んだそれぞれの道 / ハイブリッド音楽とスティング－パンク，レゲエ，ジャズ，ソウル，民謡，そしてイスラム音楽 / M・デイヴィスのファイナル・カーテン－ジャズとヒップ・ホップのハイブリッド
復習
第13週
13 面接/Face-to-face
90 分/min
ロック・ポップスその１０～アメリカのグランジ・ロックとイギリスのクール・ブリタニア
復習
第14週
14 面接/Face-to-face
90 分/min
授業の総括
復習
授業期間終了後/After the Class Period
15 オンデマンド（動画視聴）/On-demand(watching video)
90 分/min
Conclusion: 音楽の行く末とは
復習",この講義では、19世紀後半から20世紀末までの英米の音楽（ジャズ、ロック、ポップス）を中心に学びます。音楽史と共に、黒人公民権運動、ベトナム戦争、サッチャリズムの影響などの社会情勢も取り上げます。音楽と社会の密接な関係や、異人種間・異国間・異ジャンル間の相互影響についても解説します。さらに、曲のタイトルや歌詞、和音、メロディー、リズムの発展、音楽批評の方法についても学びます。,シラバス参照,"# 講義名
△英語文化特論Ａ（１０）-1
Special Topics in English and American Culture A (10)-1

# 概要
この講義では、19世紀後半から20世紀末までの英米の音楽（ジャズ、ロック、ポップス）を中心に学びます。音楽史と共に、黒人公民権運動、ベトナム戦争、サッチャリズムの影響などの社会情勢も取り上げます。音楽と社会の密接な関係や、異人種間・異国間・異ジャンル間の相互影響についても解説します。さらに、曲のタイトルや歌詞、和音、メロディー、リズムの発展、音楽批評の方法についても学びます。

# 授業題材
シラバス参照"
10210291000,"△英語学特論（１）
Special Topics in English Linguistics (1)",https://syllabus.doshisha.ac.jp/html/2024/0210/10210291000.html,私たちは普段何気なく他者とコミュニケーションをしているが，生まれや育ち，文化的背景，コミュニケーションが行われる環境・状況，そして相手が異なる中で，どうして互いに自分の言いたいこと（つまり，話していることの意図）を伝え合い，適切に解釈することが可能なのか。本授業では，そうしたコミュニケーションが成り立つ様々な仕組みについて研究する言語学の一領域である語用論について，その研究の発展・広がり，様々な分析方法を学んでいく。,['杉浦\u3000秀行'],"(金曜日3講時)
面接/Face-to-face","10210291 
△英語学特論（１）
Special Topics in English Linguistics (1)
2単位/Unit  秋学期/Fall  今出川/Imadegawa  講義/Lecture","実施時期
/Week 授業回/Number of Lesson 授業実施方法
/How to conduct a Lesson 授業実施時間数
/Class Hours
内容/Contents
授業時間外の学習/Assignments
第１週　DO Week
1 オンデマンド（動画視聴）/On-demand(watching video)
90 分/min
オリエンテーション
語用論とは何か?
次週の教科書の予習，復習
第2週
2 面接/Face-to-face
90 分/min
人，もの，空間，時間を指示する表現
次週の教科書の予習，復習
第3週
3 面接/Face-to-face
90 分/min
発話による指示と推論
次週の教科書の予習，復習
第4週
4 面接/Face-to-face
90 分/min
前提と含意
次週の教科書の予習，復習
第5週
5 面接/Face-to-face
90 分/min
会話における「協調の原理」
次週の教科書の予習，復習
第6週
6 面接/Face-to-face
90 分/min
会話の推意（Conversational Implicature）
次週の教科書の予習，復習
第7週
7 面接/Face-to-face
90 分/min
確認クイズ(1)
発話行為論(1)
次週の教科書の予習，復習
第8週
8 面接/Face-to-face
90 分/min
プロジェクトの説明：学期末レポートに向けて
発話行為論(2)
次週の教科書の予習，復習
第9週
9 面接/Face-to-face
90 分/min
会話の中の「丁寧さ(politeness)」
次週の教科書の予習，復習
学期末レポートの準備・作成
第10週
10 面接/Face-to-face
90 分/min
情報構造となわ張り理論
次週の教科書の予習，復習
学期末レポートの準備・作成
第11週
11 面接/Face-to-face
90 分/min
会話の順番はどうやって決まっているか?
次週の教科書の予習，復習
学期末レポートの準備・作成
第12週
12 面接/Face-to-face
90 分/min
会話の構造と仕組み
次週の教科書の予習，復習
学期末レポートの準備・作成
第13週
13 面接/Face-to-face
90 分/min
確認クイズ(2)
語用論から文化について考える(1)
次週の教科書の予習，復習
学期末レポートの準備・作成
第14週
14 面接/Face-to-face
90 分/min
語用論から文化について考える(2)
次週の教科書の予習，復習
学期末レポートの準備・作成
授業期間終了後/After the Class Period
15 オンデマンド（動画視聴）/On-demand(watching video)
90 分/min
まとめ：非言語コミュニケーション，語用論研究の広がり
学期末レポートの準備・作成",この講義では、語用論という言語学の一領域を学びます。語用論は、異なる生まれや育ち、文化的背景、環境・状況において、どのようにして人々が互いの意図を伝え合い、適切に解釈することができるのかを研究します。具体的には、コミュニケーションの仕組み、研究の発展、分析方法について学びます。これにより、異文化間コミュニケーションや言語の使用に関する深い理解が得られます。,シラバス参照,"# 講義名
△英語学特論（１）
Special Topics in English Linguistics (1)

# 概要
この講義では、語用論という言語学の一領域を学びます。語用論は、異なる生まれや育ち、文化的背景、環境・状況において、どのようにして人々が互いの意図を伝え合い、適切に解釈することができるのかを研究します。具体的には、コミュニケーションの仕組み、研究の発展、分析方法について学びます。これにより、異文化間コミュニケーションや言語の使用に関する深い理解が得られます。

# 授業題材
シラバス参照"
10210294000,"△英語学特論（４）
Special Topics in English Linguistics (4)",https://syllabus.doshisha.ac.jp/html/2024/0210/10210294000.html,"This course introduces issues relating to gender as is evident through language. It comprises of:
1. Myths, beliefs, and realities of gendered speech.
2. Linguistic variation, communicative goals, and gender difference.
3. Gendered speech in private and public settings.

Learning Objective:
To gain a basic understanding of how speaker-gender influences language use, of gender-related variation in language, of gender construction and of how gender is portrayed as well as perceived in the public eye.",['STEFANIE ALEXA STADLER'],"(木曜日4講時)
面接/Face-to-face","10210294 
△英語学特論（４）
Special Topics in English Linguistics (4)
2単位/Unit  秋学期/Fall  今出川/Imadegawa  講義/Lecture","実施時期
/Week 授業回/Number of Lesson 授業実施方法
/How to conduct a Lesson 授業実施時間数
/Class Hours
内容/Contents
授業時間外の学習/Assignments
第１週　DO Week
1 オンデマンド（動画視聴）/On-demand(watching video)
90 分/min
Online video + instructions for assessments, housekeeping information and basic rules and guidelines for the course
Preparatory reading
第2週
2 面接/Face-to-face
90 分/min
Are men from mars and women from venus
This class will look at gender and language myths and evaluate their origin, veracity and meaning
第3週
3 面接/Face-to-face
90 分/min
Gender difference
This session will address linguistic variation and the social function that adheres to variation in language use
第4週
4 面接/Face-to-face
90 分/min
Gendered talk in same sex conversations
This class will explore the communicative goals and intentions behind linguistic preferences
第5週
5 面接/Face-to-face
90 分/min
Gender construction
This class delves into the notion that, unlike sex, gender is fluid construct that can and is shaped according to personal growth, contextual factors and social situations.
第6週
6 面接/Face-to-face
90 分/min
Gendered speech across cultures
This session takes a look at how various cultures have shaped language use by gender
第7週
7 面接/Face-to-face
90 分/min
Gender and conversational humour
This class re-evaluates the notion that women are not (meant to be) funny.
第8週
8 面接/Face-to-face
90 分/min
Student presentations: Assessment
第9週
9 面接/Face-to-face
90 分/min
Student presentations: Assessment
第10週
10 面接/Face-to-face
90 分/min
Women, men and politeness
Politeness is not only a cultural construct, but also highly gender specific. As such, this class will investigate how and why politeness differs in gendered speech.
第11週
11 面接/Face-to-face
90 分/min
Gender in the workplace
This class looks at workplace function, language use and leadership roles
第12週
12 面接/Face-to-face
90 分/min
Movie on gender roles and representations
Preparation for an in-depth classroom discussion to apply and consolidate learning
第13週
13 面接/Face-to-face
90 分/min
Discussion of movie
This class allows students to review the knowledge and theories they learned and apply the knowledge in context. It allows them to express their knowledge in discussion.
第14週
14 面接/Face-to-face
90 分/min
Written test: Assessment
授業期間終了後/After the Class Period
15 オンデマンド（動画視聴）/On-demand(watching video)
90 分/min
Feedback on coursework, assignments + suggestions for improvement and professional development
Online access",この講義では、言語を通じて現れるジェンダーに関する問題を学びます。具体的には、ジェンダーに基づく話し方の神話、信念、現実、言語の変異、コミュニケーションの目的とジェンダーの違い、そしてプライベートおよび公共の場でのジェンダーに基づく話し方を扱います。これにより、話者のジェンダーが言語使用にどのように影響するか、ジェンダーに関連する言語の変異、ジェンダーの構築、そして公の場でのジェンダーの描写と認識について基本的な理解を深めます。,シラバス参照,"# 講義名
△英語学特論（４）
Special Topics in English Linguistics (4)

# 概要
この講義では、言語を通じて現れるジェンダーに関する問題を学びます。具体的には、ジェンダーに基づく話し方の神話、信念、現実、言語の変異、コミュニケーションの目的とジェンダーの違い、そしてプライベートおよび公共の場でのジェンダーに基づく話し方を扱います。これにより、話者のジェンダーが言語使用にどのように影響するか、ジェンダーに関連する言語の変異、ジェンダーの構築、そして公の場でのジェンダーの描写と認識について基本的な理解を深めます。

# 授業題材
シラバス参照"
10210296000,"△英語学特論（６）
Special Topics in English Linguistics (6)",https://syllabus.doshisha.ac.jp/html/2024/0210/10210296000.html,"ソシュールの指摘を俟つまでもなく，言語は「記号」のいっしゅである。したがって，言語についてかんがえることは，記号についてかんがえることにほかならない。だが，記号とは，コミュニケーションのためのアイテムであり，コミュニケーション＝社会的相互行為なくしては，記号はイミをもたない――というよりも，そもそも「記号」たりえない。つまり，記号についてかんがえることはコミュニケーションについてかんがえることなのだ。
かくして，この授業では，記号をめぐり，コミュニケーションや会話分析，意味，独我論，意図の有無などにかんして，言語学，哲学，心理学，社会学，人類学，脳生理学などにおけるさまざまの思考をたどりつつ，思弁してもらうことになる。",['福島\u3000祥行'],"(火曜日2講時)
面接/Face-to-face","10210296 
△英語学特論（６）
Special Topics in English Linguistics (6)
2単位/Unit  秋学期/Fall  今出川/Imadegawa  講義/Lecture","実施時期
/Week 授業回/Number of Lesson 授業実施方法
/How to conduct a Lesson 授業実施時間数
/Class Hours
内容/Contents
授業時間外の学習/Assignments
第１週　DO Week
第1回 オンデマンド（動画視聴）/On-demand(watching video)
90 分/min
「記号」とはなにか？
ふりかえりと，さらなる探究。
第2週
第2回 面接/Face-to-face
90 分/min
「コミュニケーション」とはなにか？
ふりかえりと，さらなる探究。
第3週
第3回 面接/Face-to-face
90 分/min
シャノン＆ウィーヴァーの伝達モデル
ふりかえりと，さらなる探究。
第4週
第4回 面接/Face-to-face
90 分/min
オースチンと言語行為論
ふりかえりと，さらなる探究。
第5週
第5回 面接/Face-to-face
90 分/min
グライスと会話の協調原理
ふりかえりと，さらなる探究。
第6週
第6回 面接/Face-to-face
90 分/min
スペルベル＆ウイルソンの関連性理論
ふりかえりと，さらなる探究。
第7週
第7回 面接/Face-to-face
90 分/min
2つのコミュニケーション・モデル
ふりかえりと，さらなる探究。
第8週
第8回 面接/Face-to-face
90 分/min
ヴィトゲンシュタインと独我論
ふりかえりと，さらなる探究。
第9週
第9回 面接/Face-to-face
90 分/min
「見る」ことの社会性
ふりかえりと，さらなる探究。
第10週
第10回 面接/Face-to-face
90 分/min
「意図的行為」否定説
ふりかえりと，さらなる探究。
第11週
第11回 面接/Face-to-face
90 分/min
相互行為（インタラクション）とはなにか？
ふりかえりと，さらなる探究。
第12週
第12回 面接/Face-to-face
90 分/min
ガーフィンケルとエスノメソドロジー
ふりかえりと，さらなる探究。
第13週
第13回 面接/Face-to-face
90 分/min
会話分析の実際とさまざまな発話例
ふりかえりと，さらなる探究。
第14週
第14回 面接/Face-to-face
90 分/min
ロボットに「こころ」はあるか？
ふりかえりと，さらなる探究。
授業期間終了後/After the Class Period
第15回 オンデマンド（動画視聴）/On-demand(watching video)
90 分/min
ふたたび「記号」とはなにか？　まとめとふりかえり。
ふりかえりと，さらなる探究。",この講義では、言語を「記号」として捉え、コミュニケーションの本質を探求します。ソシュールの理論を基に、記号学、会話分析、意味論、独我論、意図の有無などを学びます。さらに、言語学、哲学、心理学、社会学、人類学、脳生理学など多岐にわたる学問分野の視点から、記号とコミュニケーションの関係を深く考察します。これにより、言語と社会的相互行為の複雑な関係を理解することができます。,シラバス参照,"# 講義名
△英語学特論（６）
Special Topics in English Linguistics (6)

# 概要
この講義では、言語を「記号」として捉え、コミュニケーションの本質を探求します。ソシュールの理論を基に、記号学、会話分析、意味論、独我論、意図の有無などを学びます。さらに、言語学、哲学、心理学、社会学、人類学、脳生理学など多岐にわたる学問分野の視点から、記号とコミュニケーションの関係を深く考察します。これにより、言語と社会的相互行為の複雑な関係を理解することができます。

# 授業題材
シラバス参照"
10210353000,"○英米文学入門
Introduction to English and American Literature",https://syllabus.doshisha.ac.jp/html/2024/0210/10210353000.html,このクラスでは，イギリス文学とアメリカ文学において小説，詩，演劇の分野から作品を選び，丁寧に読んで解説し，文学作品を読む際に基本となることを学ぶことを目的とします。授業では，各分野において代表的な作品の抜粋を読み，歴史的背景，文学史上の重要性，作家の人生，作品の特色を共に学びます。その中で，英米文学を論じる時に必要な文学知識などにも触れ，英米文学の特性を探求します。,"['金津\u3000和美', '桐山\u3000恵子', '山辺\u3000省太']","(金曜日1講時)
面接/Face-to-face","10210353 
○英米文学入門
Introduction to English and American Literature
2単位/Unit  春学期/Spring  今出川/Imadegawa  講義/Lecture","実施時期
/Week 授業回/Number of Lesson 授業実施方法
/How to conduct a Lesson 授業実施時間数
/Class Hours
内容/Contents
授業時間外の学習/Assignments
第１週　DO Week
１
オンデマンド（動画視聴）/On-demand(watching video)
30 分/min
イントロダクションーー履修上の留意点
配布資料を熟読すること
第2週
２ 面接/Face-to-face
90 分/min
愛を詠った詩を読む――シェイクスピアのソネット (担当：金津和美）
配布資料を熟読すること
第3週
３ 面接/Face-to-face
90 分/min
自然を描いた詩を読む――キーツのオード（担当：金津和美）
配布資料を熟読すること
第4週
４ 面接/Face-to-face
90 分/min
故郷を想う詩を読む――バーンズのバラッド（担当：金津和美）
配布資料を熟読すること
第5週
５ 面接/Face-to-face
90 分/min
青春を語る詩を読む――テニスンの物語詩（担当：金津和美）
配布資料を熟読すること
第6週
６ 面接/Face-to-face
90 分/min
別れを悼む詩を読む――20世紀の英米詩（担当：金津和美）
配布資料を熟読すること
7 オンデマンド（授業内課題）/On-demand(assignment in class)
40 分/min
英米詩についての課題
課題のための準備・復習
第7週
8 面接/Face-to-face
90 分/min
恋愛と結婚ージェイン・オースティン『高慢と偏見』（担当：桐山恵子）
配布資料を熟読すること
第8週
9 面接/Face-to-face
90 分/min
怪物はどちらか――メアリー・シェリー『フランケンシュタイン』（担当：桐山恵子）
配布資料を熟読すること
第9週
10 面接/Face-to-face
90 分/min
群衆心理の危うさ――チャールズ・ディケンズ『オリバー・ツイスト』（担当：桐山恵子）
配布資料を熟読すること
第10週
11 面接/Face-to-face
90 分/min
主張するヒロイン――シャーロット・ブロンテ『ジェイン・エア』（担当：桐山恵子）
配布資料を熟読すること
12 オンデマンド（授業内課題）/On-demand(assignment in class)
40 分/min
イギリス小説についての課題
課題のための準備・復習
第11週
13 面接/Face-to-face
90 分/min
南部の宿命――フォークナー『八月の光』（担当：山辺省太）
配布資料を熟読すること
第12週
14 面接/Face-to-face
90 分/min
個人の夢，国家の夢――フィッツジェラルド『グレート・ギャッツビー』と村上春樹の世界（担当：山辺省太）
配布資料を熟読すること
第13週
15 面接/Face-to-face
90 分/min
広島の表象――ハーシー『ヒロシマ』（担当：山辺省太）
配布資料を熟読すること
第14週
16 面接/Face-to-face
90 分/min
戦争を語ること――オブライエン『本当の戦争の話をしよう』（担当：山辺省太）
配布資料を熟読すること
17 オンデマンド（授業内課題）/On-demand(assignment in class)
40 分/min
アメリカ小説についての課題
課題のための準備・復習
授業期間終了後/After the Class Period
18 オンデマンド（動画視聴）/On-demand(watching video)
30 分/min
まとめ・講評",この講義では、イギリス文学とアメリカ文学の小説、詩、演劇を中心に学びます。代表的な作品の抜粋を読み、歴史的背景や文学史上の重要性、作家の人生、作品の特色を解説します。シェイクスピアやディケンズ、ホーソーンやエミリー・ディキンソンなどの著名な作家の作品を通じて、英米文学の特性を探求し、文学作品を読む際の基本的な知識を身につけることができます。,"- シェイクスピアのソネット
- キーツのオード
- バーンズのバラッド
- テニスンの物語詩
- 20世紀の英米詩
- ジェイン・オースティン『高慢と偏見』
- メアリー・シェリー『フランケンシュタイン』
- チャールズ・ディケンズ『オリバー・ツイスト』
- シャーロット・ブロンテ『ジェイン・エア』
- フォークナー『八月の光』
- フィッツジェラルド『グレート・ギャッツビー』
- ハーシー『ヒロシマ』
- オブライエン『本当の戦争の話をしよう』","# 講義名
○英米文学入門
Introduction to English and American Literature

# 概要
この講義では、イギリス文学とアメリカ文学の小説、詩、演劇を中心に学びます。代表的な作品の抜粋を読み、歴史的背景や文学史上の重要性、作家の人生、作品の特色を解説します。シェイクスピアやディケンズ、ホーソーンやエミリー・ディキンソンなどの著名な作家の作品を通じて、英米文学の特性を探求し、文学作品を読む際の基本的な知識を身につけることができます。

# 授業題材
- シェイクスピアのソネット
- キーツのオード
- バーンズのバラッド
- テニスンの物語詩
- 20世紀の英米詩
- ジェイン・オースティン『高慢と偏見』
- メアリー・シェリー『フランケンシュタイン』
- チャールズ・ディケンズ『オリバー・ツイスト』
- シャーロット・ブロンテ『ジェイン・エア』
- フォークナー『八月の光』
- フィッツジェラルド『グレート・ギャッツビー』
- ハーシー『ヒロシマ』
- オブライエン『本当の戦争の話をしよう』"
10210354000,"○英米文化入門
Introduction to English and American Culture",https://syllabus.doshisha.ac.jp/html/2024/0210/10210354000.html,「英米文化入門」では，英米の文化を様々な視点から解説・分析することにより受講生の知的関心を高め，今後の研究の具体的な方向性を各自がつかめるような足がかりを与えることを目標とする。講義の冒頭で我々にも比較的身近な最近のイギリス・アメリカの関心事や問題点を，新聞，雑誌，テレビ番組，映画等を取り上げながら紹介し，これらが発生するに至った経緯や要因を歴史を遡ることにより解明していく形態で授業を進めたい。講義で取り上げる予定のトピックの一部は以下のようなものである。［イギリスのEU離脱（ブレグジット）とアイルランド/キツネ狩りは禁止すべきか？/ /マイケル・ムーア監督と国民皆保険制度 / Oasisら「クール・ブリタニア」旋風と労働党政権 / メディア王のサッカー中継戦略 / 人気英大衆紙突然の廃刊 /インターネットと大統領選挙 etc.］,['金谷\u3000益道'],"(金曜日3講時)
面接/Face-to-face","10210354 
○英米文化入門
Introduction to English and American Culture
2単位/Unit  春学期/Spring  今出川/Imadegawa  講義/Lecture","実施時期
/Week 授業回/Number of Lesson 授業実施方法
/How to conduct a Lesson 授業実施時間数
/Class Hours
内容/Contents
授業時間外の学習/Assignments
第１週　DO Week
1 オンデマンド（動画視聴）/On-demand(watching video)
90 分/min
イントロダクション
復習
第2週
2 面接/Face-to-face
90 分/min
イギリスの概観
復習
第3週
3 面接/Face-to-face
90 分/min
アメリカの概観
復習
第4週
4 面接/Face-to-face
90 分/min
帝国主義が落とす影
復習
第5週
5 面接/Face-to-face
90 分/min
階級社会イギリス
復習
第6週
6 面接/Face-to-face
90 分/min
「人種のるつぼ」アメリカ
復習
第7週
7 面接/Face-to-face
90 分/min
イギリス・アメリカのメディア（1）新聞
復習
第8週
8 面接/Face-to-face
90 分/min
イギリス・アメリカのメディア（2）テレビ番組
復習
第9週
9 面接/Face-to-face
90 分/min
イギリス・アメリカのメディア（3）オンライン・メディア
復習
第10週
10 面接/Face-to-face
90 分/min
イギリス・アメリカの政党（1）イギリスの政党
復習
第11週
11 面接/Face-to-face
90 分/min
イギリス・アメリカの政党（2）アメリカの政党
復習
第12週
12 面接/Face-to-face
90 分/min
イギリス・アメリカの政党（3）現政権について
復習
第13週
13 面接/Face-to-face
90 分/min
イギリス・アメリカと宗教
復習
第14週
14 面接/Face-to-face
90 分/min
イギリス・アメリカの教育
復習
授業期間終了後/After the Class Period
15 オンデマンド（動画視聴）/On-demand(watching video)
90 分/min
講義のまとめ
復習",「英米文化入門」では、英米の文化を多角的に分析し、受講生の知的関心を高めることを目指します。具体的には、イギリスのEU離脱（ブレグジット）やアイルランド問題、キツネ狩りの是非、マイケル・ムーア監督と国民皆保険制度、Oasisらによる「クール・ブリタニア」旋風と労働党政権、メディア王のサッカー中継戦略、人気英大衆紙の突然の廃刊、インターネットと大統領選挙など、現代の関心事や問題点を歴史的背景と共に解明します。,シラバス参照,"# 講義名
○英米文化入門
Introduction to English and American Culture

# 概要
「英米文化入門」では、英米の文化を多角的に分析し、受講生の知的関心を高めることを目指します。具体的には、イギリスのEU離脱（ブレグジット）やアイルランド問題、キツネ狩りの是非、マイケル・ムーア監督と国民皆保険制度、Oasisらによる「クール・ブリタニア」旋風と労働党政権、メディア王のサッカー中継戦略、人気英大衆紙の突然の廃刊、インターネットと大統領選挙など、現代の関心事や問題点を歴史的背景と共に解明します。

# 授業題材
シラバス参照"
10210355000,"○英語学入門
Introduction to English Linguistics",https://syllabus.doshisha.ac.jp/html/2024/0210/10210355000.html,"授業の概要
この授業は，「英語学Ⅰ，Ⅱ」や「言語学Ⅰ，Ⅱ」を履修する前の学生を主な対象としている。体系的な言語学の知識を前提とせず，担当者４名が，身近で具体的な事例や，受講生が高校までの生活の中で持ったかもしれない英語についての疑問，違和感や，よく見られる誤解を取り上げながら講義を進め，英語や言語についての基礎的理解を深めることができることを目指している。担当者４名が扱う内容は次のとおり。

菊田：意味に関わる問題を通して，英語と日本語および他の言語との共通点や相違点を考えていく。特に「認知：ものの捉え方」を反映するものとして言語を位置付け，３つのトピックを通してことばの世界を探っていく。まず最初は語彙と構文を取り上げる。英語を学ぶとき，無意識に日本語に対応させてしまうことがあるが，そこにはどのような落とし穴があるかを考える。また，日本語や英語のメタファーやメトニミーに見られる共通点や違いは何を意味するのだろうか。そして最後は，身近な言語変化（語の意味変化）の事例を通し，人間の言語の共通基盤の存在について考える。できるだけ身近な例を用い，日常生活の中で触れることばについて改めて見つめ直す機会を提供したい。

菅原：英語と日本語，およびその他の言語の「音の仕組み」に関して考察していく。英語では13個もの母音が区別され，さらにはstreetという単語にあるように複数の子音が連続して起こるなど，音の側面で日本語にはない特性がある。皆さんはそれに対して違和感を抱いたことはないだろうか。その違和感は言語の普遍性からみると果たして理にかなったものなのかを考察していく。そして個々の言語がより無標（一般的）なパターンから逸脱した有標（稀有）なパターンを保有するということは，文法の仕組み上どのようなことなのかも考えていく。

瀧田：英語と日本語を中心に，世界の言語にみられる文の仕組みに関する多様性と普遍性を考察する。まず，一見全く異なっているように見える世界の言語の文には，それぞれ個別の特徴をもちながらも，その背後に驚くべき共通の性質が潜んでいることを具体的な例と共に示す。続いて，特に疑問文の作り方に着目し，「覚えるべきもの」でしかなかった文法項目にも「そうだったのか」と納得してもらえる点があることを議論する。最後のトピックでは，上述の点について英語の歴史的変化や方言差といった観点からも考察を深めていく。いずれの回も，単純な「答え」ではなく，そこから自分なりに考えを膨らませていけるような「考えるタネ」を提供する。

杉浦：日常における言語使用に焦点を当てて，3つのトピックから言語研究のバリエーションとそれぞれの魅力を紹介していく。1つ目のトピックは，国際共通語としての英語と母語英語に関するものである。国際共通語としての英語の理解と母語英語としての英語の理解をどのように考えていくべきかについて議論する。2つ目のトピックは，英語と文化に関するものである。国際共通語として英語を使用する際に，異文化コミュニケーションは避けて通れない。（日本に住む外国人と日本語でコミュニケーションする際も同様である。）異文化コミュニケーションを行う上で生じうる問題点について，これまで提案されてきたいくつかの文化モデルに触れながら議論していく。3つ目のトピックは，日常会話の仕組みについてである。日常会話において，私たちが人とコミュニケーションをする際に，ことばを通じて様々な行為（例：質問，誘い，依頼，同意，褒めなど）のやり取りを行っている。日常の行為のやり取りから，ことばを研究するとしたら，どのような方法があるか，また，そこから何が見えてくるか，について議論していく。","['菅原\u3000真理子', '菊田\u3000千春', '瀧田\u3000健介', '杉浦\u3000秀行']","(火曜日4講時)
面接/Face-to-face","10210355 
○英語学入門
Introduction to English Linguistics
2単位/Unit  春学期/Spring  今出川/Imadegawa  講義/Lecture","実施時期
/Week 授業回/Number of Lesson 授業実施方法
/How to conduct a Lesson 授業実施時間数
/Class Hours
内容/Contents
授業時間外の学習/Assignments
第１週　DO Week
1 オンデマンド（動画視聴）/On-demand(watching video)
60 分/min
授業紹介
予習と復習
第１週　DO Week
2 オンデマンド（授業内課題）/On-demand(assignment in class)
30 分/min
指定された課題への取り組み
予習と復習
第2週
3 面接/Face-to-face
90 分/min
菊田[1] 英語と日本語の語彙と構文
予習と復習
第3週
4 面接/Face-to-face
90 分/min
菊田[2] メタファーとメトニミー
予習と復習
第4週
5 面接/Face-to-face
90 分/min
菊田[3] ことばの意味変化に見る普遍性
予習と復習
第5週
6 面接/Face-to-face
90 分/min
菅原[1] 言語音の個別性と普遍性１
英語と日本語，およびその他の言語の子音
予習と復習
第6週
7 面接/Face-to-face
90 分/min
菅原[2] 言語音の個別性と普遍性２
英語と日本語，およびその他の言語の母音
予習と復習
第7週
8 面接/Face-to-face
90 分/min
菅原[3] 言語音の個別性と普遍性３
英語と日本語，およびその他の言語の音節
予習と復習
第8週
9 面接/Face-to-face
90 分/min
講義のまとめと中間評価
予習と復習
第9週
10 面接/Face-to-face
90 分/min
瀧田[1] 文の仕組みの多様性と普遍性
予習と復習
第10週
11 面接/Face-to-face
90 分/min
瀧田[2] 日本語から英語を見る：疑問文に関する疑問
予習と復習
第11週
12 面接/Face-to-face
90 分/min
瀧田[3] 英語から英語を見る
予習と復習
第12週
13 面接/Face-to-face
90 分/min
杉浦[1] 様々な英語：母語英語から国際共通語としての英語
予習と復習
第13週
14 面接/Face-to-face
90 分/min
杉浦[2] 英語と文化：文化とコミュニケーションスタイル
予習と復習
第14週
15 面接/Face-to-face
90 分/min
杉浦[3] 見られてはいるが気づかれない日常会話の仕組み
予習と復習
授業期間終了後/After the Class Period
16 オンデマンド（動画視聴）/On-demand(watching video)
90 分/min
中間評価および期末試験の講評
復習",この講義では、英語と日本語を中心に、言語の基礎的理解を深めることを目指します。具体的には、言語の意味や認知、音の仕組み、文の構造、日常会話の仕組みなどを扱います。例えば、語彙と構文の違いや共通点、メタファーやメトニミー、音の特性、疑問文の作り方、異文化コミュニケーション、日常会話の行為のやり取りなどを通じて、言語の多様性と普遍性を探ります。これにより、英語や他の言語に対する理解を深めることができます。,シラバス参照,"# 講義名
○英語学入門
Introduction to English Linguistics

# 概要
この講義では、英語と日本語を中心に、言語の基礎的理解を深めることを目指します。具体的には、言語の意味や認知、音の仕組み、文の構造、日常会話の仕組みなどを扱います。例えば、語彙と構文の違いや共通点、メタファーやメトニミー、音の特性、疑問文の作り方、異文化コミュニケーション、日常会話の行為のやり取りなどを通じて、言語の多様性と普遍性を探ります。これにより、英語や他の言語に対する理解を深めることができます。

# 授業題材
シラバス参照"
10210356000,"○英語教育学入門
Introduction to TESOL",https://syllabus.doshisha.ac.jp/html/2024/0210/10210356000.html,英語教育学入門では，英語教育学とはどのようなことを研究する分野なのかを理解することを目的とする。身近なトピックに関連付けながら，第二言語習得論，外国語教授法，教育課程論，教材論，学習者論，評価論など，英語教育学の主要な分野の概要を考えていく。具体的には，「どのような教え方が効果的なのか？」「どのような要因が学習者にやる気をださせるのか？」「どのような言語材料や言語活動を取り入れることが学習効果があるのか？」「良い評価とはどのようなものか？」などを扱う。,"['赤松\u3000信彦', '田中\u3000貴子', '鬼田\u3000崇作']","(火曜日3講時)
面接/Face-to-face","10210356 
○英語教育学入門
Introduction to TESOL
2単位/Unit  春学期/Spring  今出川/Imadegawa  講義/Lecture","実施時期
/Week 授業回/Number of Lesson 授業実施方法
/How to conduct a Lesson 授業実施時間数
/Class Hours
内容/Contents
授業時間外の学習/Assignments
第１週　DO Week
1 オンデマンド（動画視聴）/On-demand(watching video)
90 分/min
オリエンテーション（担当：赤松，田中，鬼田）
シラバス 予習
第2週
2 面接/Face-to-face
90 分/min
英語教育学とは　（担当：赤松，田中，鬼田）
reading assignment 予習
第3週
3 面接/Face-to-face
90 分/min
母語習得　（担当：赤松）
reading assignment 予習
第4週
4 面接/Face-to-face
90 分/min
外国語学習　（担当：赤松）
reading assignment 予習
第5週
5 面接/Face-to-face
90 分/min
英語学習における母語の影響　（担当：赤松）
reading assignment 予習
第6週
6 面接/Face-to-face
90 分/min
効果的な英語学習法　（担当：赤松）
reading assignment 予習
第7週
7 面接/Face-to-face
90 分/min
第二言語学習と個人差 (1) : 認知要因（担当：田中）
reading assignment 予習
第8週
8 面接/Face-to-face
90 分/min
第二言語学習と個人差(2) : 情意要因（担当：田中）
reading assignment 予習
第9週
9 面接/Face-to-face
90 分/min
外国語教授法の変遷 (1)：伝統的な教授法（担当：田中）
reading assignment 予習
第10週
10 面接/Face-to-face
90 分/min
外国語教授法の変遷 (2)：コミュニカティブ・アプローチ（担当：田中）
reading assignment 予習
第11週
11 面接/Face-to-face
90 分/min
教育評価の基礎　（担当：鬼田）
reading assignment 予習
第12週
12 面接/Face-to-face
90 分/min
教育評価の歴史　（担当：鬼田）
reading assignment 予習
第13週
13 面接/Face-to-face
90 分/min
コミュニケーション志向のテスト　（担当：鬼田）
reading assignment 予習
第14週
14 面接/Face-to-face
90 分/min
テスト以外の評価法　（担当：鬼田）
reading assignment 予習
授業期間終了後/After the Class Period
15 オンデマンド（動画視聴）/On-demand(watching video)
90 分/min
総括（担当：赤松，田中，鬼田）
reading assignment 復習",英語教育学入門では、英語教育学の主要な分野を学びます。具体的には、第二言語習得論、外国語教授法、教育課程論、教材論、学習者論、評価論などを取り上げます。講義では「効果的な教え方」「学習者の動機付け」「学習効果の高い言語材料や活動」「良い評価の基準」などのトピックを通じて、英語教育の理論と実践を理解します。身近なトピックに関連付けて学ぶことで、実際の教育現場での応用力を養います。,シラバス参照,"# 講義名
○英語教育学入門
Introduction to TESOL

# 概要
英語教育学入門では、英語教育学の主要な分野を学びます。具体的には、第二言語習得論、外国語教授法、教育課程論、教材論、学習者論、評価論などを取り上げます。講義では「効果的な教え方」「学習者の動機付け」「学習効果の高い言語材料や活動」「良い評価の基準」などのトピックを通じて、英語教育の理論と実践を理解します。身近なトピックに関連付けて学ぶことで、実際の教育現場での応用力を養います。

# 授業題材
シラバス参照"
10210808000,"△英語学Ⅰ
English Linguistics I",https://syllabus.doshisha.ac.jp/html/2024/0210/10210808000.html,"英語学Iは，英語学IIと共に英文学科の必修科目であるが，この両科目を通して，英語とはどのような言語であるかをさまざまな角度から学び，深く理解することを目指している。また，これらの科目は教職科目でもあるので，将来教壇で英語を教える立場になる者が持つべき英語に対する知識と視点を涵養することも意図されている。
英語学Ⅰでは，英語を科学的な研究対象とする英語学およびそれを包摂するヒトの言語の科学として言語学の概要を押さえたうえで，主に音声・音韻や単語の形態についての言語学の基本的な概念や分析手法を導入しながら，英語という個別言語の特性を明らかにしていく。同時に，英語という個別言語の歴史的な変化や，世界の諸言語との関係について概観する。
音声学・音韻論では，英語の音の仕組みや体系を説明する。必要に応じて日本語やその他の言語との比較を行いながら，調音やイントネーションの仕組みを具体的に解説し，その背後に存在する規則性を考える。また，その際に英語や日本語といった個別言語間の相違点と共通点を体系的に考えることで，日本人が英語やその他の言語を学んだり教えたりする際に留意すべき点などへの気づきを促す。
形態論では，英語と日本語を中心にヒトの言語の単語の仕組みについて説明する。単語の形態変化の仕組みや新しい単語が作られる際のプロセスについて詳しく学ぶことで，普段何気なく接している身近な言語表現にもヒトの言語の本質に迫ることのできる興味深い性質が隠れていることを紹介する。また，形態論が音韻・統語といった言語の他の側面と密接に関連していることを通じて，言語研究の諸分野が有機的に関連していることを学ぶ。
英語史では，英語という個別言語の歴史を通じた変化を知ることで，より深く英語という言語を理解することを目指す。各時代ごとの英語の特徴を主に音声学・音韻論および形態論の分野で学んだ知識を応用しつつ概観することで，英語に関する素朴な疑問が解決できることや，英語がそれまでの固定概念を覆すような姿をしていたことを学ぶ。
このように，英語の基本的な特徴を考える一方，それを客観的・科学的に捉え，かつ様々な言語との比較を積極的に行うことで，より広く「人間の言語」というものへも目を向け，グローバリズムに即した偏りのない言語観を形成するよう配慮する。",['瀧田\u3000健介'],"(木曜日1講時)
面接/Face-to-face","10210808 
△英語学Ⅰ
English Linguistics I
2単位/Unit  秋学期/Fall  今出川/Imadegawa  講義/Lecture","実施時期
/Week 授業回/Number of Lesson 授業実施方法
/How to conduct a Lesson 授業実施時間数
/Class Hours
内容/Contents
授業時間外の学習/Assignments
第１週　DO Week
1 オンデマンド（動画視聴）/On-demand(watching video)
30 分/min
イントロダクション・授業の進め方
シラバスをよく確認しておく
第１週　DO Week
2 オンデマンド（授業内課題）/On-demand(assignment in class)
60 分/min
英語学への誘い
教科書・補足資料の指定範囲の予習と講義内容の復習(約1時間)
第2週
3 面接/Face-to-face
90 分/min
英語学・言語学の諸分野：ことばの不思議
教科書・補足資料の指定範囲の予習と講義内容の復習(約1時間)
第3週
4 面接/Face-to-face
90 分/min
英語学・言語学の諸分野：ことばへのアプローチ
教科書・補足資料の指定範囲の予習と講義内容の復習(約1時間)
第4週
5 面接/Face-to-face
90 分/min
音声学：子音の仕組み
教科書・補足資料の指定範囲の予習と講義内容の復習(約1時間)
第5週
6 面接/Face-to-face
90 分/min
音声学：母音の仕組み
教科書・補足資料の指定範囲の予習と講義内容の復習(約1時間)
第6週
7 面接/Face-to-face
90 分/min
音韻論：単音と音素
教科書・補足資料の指定範囲の予習と講義内容の復習(約1時間)
第7週
8 面接/Face-to-face
90 分/min
音韻論：音韻素性と音韻規則
教科書・補足資料の指定範囲の予習と講義内容の復習(約1時間)
第8週
9 面接/Face-to-face
90 分/min
音韻論：音節の仕組み
教科書・補足資料の指定範囲の予習と講義内容の復習(約1時間)
第9週
10 面接/Face-to-face
90 分/min
形態論：単語と形態素
教科書・補足資料の指定範囲の予習と講義内容の復習(約1時間)
第10週
11 面接/Face-to-face
90 分/min
形態論：単語の仕組みの多様性と普遍性
教科書・補足資料の指定範囲の予習と講義内容の復習(約1時間)
第11週
12 面接/Face-to-face
90 分/min
形態論：音韻論・統語論との接点
教科書・補足資料の指定範囲の予習と講義内容の復習(約1時間)
第12週
13 面接/Face-to-face
90 分/min
英語史：古英語
教科書・補足資料の指定範囲の予習と講義内容の復習(約1時間)
第13週
14 面接/Face-to-face
90 分/min
英語史：中英語
教科書・補足資料の指定範囲の予習と講義内容の復習(約1時間)
第14週
15 面接/Face-to-face
90 分/min
英語史：近代英語以降
教科書・補足資料の指定範囲の予習と講義内容の復習(約1時間)
授業期間終了後/After the Class Period
16 オンデマンド（動画視聴）/On-demand(watching video)
90 分/min
リアクションペーパーでの質問に対する回答および期末試験に関する講評
教科書・補足資料の指定範囲の予習と講義内容の復習(約1時間)",英語学Iでは、英語を科学的に研究し、音声学・音韻論、形態論、英語史を中心に学びます。音声学・音韻論では英語の音の仕組みや体系を、日本語との比較を交えながら理解します。形態論では単語の構造や変化、新語の生成プロセスを学びます。英語史では、英語の歴史的変化を通じて言語の進化を探ります。これにより、英語の特性を深く理解し、他の言語との比較を通じて広い視野を持つことができます。,シラバス参照,"# 講義名
△英語学Ⅰ
English Linguistics I

# 概要
英語学Iでは、英語を科学的に研究し、音声学・音韻論、形態論、英語史を中心に学びます。音声学・音韻論では英語の音の仕組みや体系を、日本語との比較を交えながら理解します。形態論では単語の構造や変化、新語の生成プロセスを学びます。英語史では、英語の歴史的変化を通じて言語の進化を探ります。これにより、英語の特性を深く理解し、他の言語との比較を通じて広い視野を持つことができます。

# 授業題材
シラバス参照"
10210809000,"○英語学Ⅱ
English Linguistics II",https://syllabus.doshisha.ac.jp/html/2024/0210/10210809000.html,英語学IIは，英語学Iと共に英文学科の必修科目であるが，この両科目を通して，英語とはどのような言語であるかをさまざまな角度から学び，深く理解することを目指している。また，この科目は教職科目でもあるので，将来教壇で英語を教える立場になる者が持つべき英語に対する知識，また視点を涵養することも意図されている。英語学Ⅱではまず，現在，国際共通語，あるいはグローバル言語として世界中で用いられる英語の実態を多面的に観察し，理解を深める。特に，「ネイティブスピーカーの英語」が実際には多様であることを，歴史的な背景も踏まえながら地域ごとに具体的に紹介し，確認する。そしてそのような英語の変種のもつ社会的な側面をとりあげると共に，英語を主たる言語とするアメリカやカナダなどの国での英語以外の言語の状況や言語に関わる社会問題などについても取り上げ，英語を中心としつつも，グローバリズムに即した偏りのない言語観を形成するよう配慮する。また後半では，言語学的視点から，英語の統語（文法），意味，語用論について概観する。「統語論」では英語の文法特性を統語論的な観点から説明し，日本語との対照も踏まえて，英語の基本的な構造上の特徴を確認すると同時に，それを通して，「人間の言語」の統語的特性というものも理解することを目指す。さらに，これまでの言語観・文法観やその変遷を辿り，言語に対する研究がどのように進化・発展してきたのかにも触れ，「文法を教える・学ぶ」とはどういうことかという問題を改めて自ら考える機会を提供する。「意味論・語用論」では，英語の具体例をとりあげながら，ことばが意味を伝えるメカニズム，また，人がことばを使ってどのように意図を伝えるのかというコミュニケーションのメカニズムについて考えていく。,['菊田\u3000千春'],"(月曜日1講時)
面接/Face-to-face","10210809 
○英語学Ⅱ
English Linguistics II
2単位/Unit  春学期/Spring  今出川/Imadegawa  講義/Lecture","実施時期
/Week 授業回/Number of Lesson 授業実施方法
/How to conduct a Lesson 授業実施時間数
/Class Hours
内容/Contents
授業時間外の学習/Assignments
第１週　DO Week
1 オンデマンド（動画視聴）/On-demand(watching video)
90 分/min
Introduction：英語学IIの導入と「英語の変種」の導入
 『英語学パースペクティブ』の第14章をよく読んでおく。インターネットで実際の発音を確認する
第2週
2 面接/Face-to-face
90 分/min
英語の変種（イギリス）
 『英語学パースペクティブ』の第14章をよく読んでおく。インターネットで実際の発音を確認する
第3週
3 面接/Face-to-face
90 分/min
英語の変種（アメリカ）
 『英語学パースペクティブ』の第14章をよく読んでおく。インターネットで実際の発音を確認する
第4週
4 面接/Face-to-face
90 分/min
英語の変種（カナダ・オーストラリア）
 『英語学パースペクティブ』の第14章をよく読んでおく。
第5週
5 面接/Face-to-face
90 分/min
英語の変種（ピジン・クレオール）
 『英語学パースペクティブ』の第14章をよく読んでおく。
第6週
6 面接/Face-to-face
90 分/min
英語の変種（AAVE，アメリカの公用語）
 『英語学パースペクティブ』の第9章をよく読んでおく。
第7週
7 面接/Face-to-face
90 分/min
英語の統語論：文法観の変遷（規範文法）
 『英語学パースペクティブ』の第10章をよく読んでおく。
第8週
8 面接/Face-to-face
90 分/min
英語の統語論：文法観の変遷（記述文法）
 『英語学パースペクティブ』の第10章をよく読んでおく。
第9週
9 面接/Face-to-face
90 分/min
英語の統語論：生成文法（標準理論を中心に）
 『英語学パースペクティブ』の第10章をよく読んでおく。
第10週
10 面接/Face-to-face
90 分/min
英語の統語論：生成文法（1980年代以降の理論を中心に）
 『英語学パースペクティブ』の第10章をよく読んでおく。
第11週
11 面接/Face-to-face
90 分/min
英語の意味論・語用論：語の意味
 『英語学パースペクティブ』の第11章をよく読んでおく。
第12週
12 面接/Face-to-face
90 分/min
英語の意味論・語用論：曖昧性，新しい意味の考え方
 『英語学パースペクティブ』の第11章をよく読んでおく。
第13週
13 面接/Face-to-face
90 分/min
英語の意味論・語用論：会話の仕組み
 『英語学パースペクティブ』の第13章をよく読んでおく。
第14週
14 面接/Face-to-face
90 分/min
英語の意味論・語用論：ポライトネス
 『英語学パースペクティブ』の第12章をよく読んでおく。
授業期間終了後/After the Class Period
15 オンデマンド（動画視聴）/On-demand(watching video)
90 分/min
授業の振り返り：授業時の小テストで寄せられた質問やコメントを中心に解説する
授業で扱った内容を復習した上で視聴する。",英語学IIでは、英語が国際共通語としてどのように使われているかを多面的に学びます。特に、ネイティブスピーカーの英語の多様性を歴史的背景と地域ごとに紹介し、社会的側面も考察します。また、アメリカやカナダなどでの言語状況や社会問題も取り上げ、偏りのない言語観を形成します。後半では、統語論、意味論、語用論の視点から英語の文法特性やコミュニケーションのメカニズムを学びます。,シラバス参照,"# 講義名
○英語学Ⅱ
English Linguistics II

# 概要
英語学IIでは、英語が国際共通語としてどのように使われているかを多面的に学びます。特に、ネイティブスピーカーの英語の多様性を歴史的背景と地域ごとに紹介し、社会的側面も考察します。また、アメリカやカナダなどでの言語状況や社会問題も取り上げ、偏りのない言語観を形成します。後半では、統語論、意味論、語用論の視点から英語の文法特性やコミュニケーションのメカニズムを学びます。

# 授業題材
シラバス参照"
10210822000,"△英文学史Ⅰ(5世紀から17世紀まで)
History of English Literature I (From the Fifth Century to the Seventeenth Century)",https://syllabus.doshisha.ac.jp/html/2024/0210/10210822000.html,"イギリス文学の歴史を学びます。イギリス文学あるいはアメリカ文学を深く研究するための必須の基礎知識であることは言うまでもありませんが，英語学・英語教育の専門的な研究を行うための教養ともなるでしょう。
このクラスにおいては，５世紀半ばのアングロ・サクソン人のブリテン島到来から１０６６年のノルマン人の征服までの古英語の時代から，英詩の父チョーサーに代表される中英語の時代を経て，近代英語が確立した後，シェイクスピアやミルトンなどが華やかに活躍するルネサンス文学と，それに続く初期近代市民社会の文学の登場までを扱います。講義をとおして，イギリス文学の主要作家や作品について理解することは言うに及ばず，その時代区分やジャンルおよび日本文学への影響に関する学問的基礎知識を習得しながら ，英語という言語の歴史性と地域性や文化的背景についても学びつつ，イギリス文学に対する幅広い関心を育成することがこのクラスの目的です。授業と並行して，主体的な読書活動を行なうことが求められます。また，毎回，講義の中で取り上げる作品の一節を随時プリントで配布して，文学作品において使用されている様々な表現について，英語原文で理解する練習も行います。
なお，このクラスは，英文学科学生共通の教養を育成する必修科目として位置づけられており，教職課程の中一種免および高一種免（英語）の教科に関する選択必修科目になっています。教職免許取得が目的で，このクラスを受講する学生は，来年度春学期に開講される「英文学史II」も必ず合わせて履修してください。",['圓月\u3000勝博'],"(金曜日1講時)
面接/Face-to-face","10210822 
△英文学史Ⅰ (5世紀から17世紀まで)
History of English Literature I -From the Fifth Century to the Seventeenth Century-
2単位/Unit  秋学期/Fall  今出川/Imadegawa  講義/Lecture","実施時期
/Week 授業回/Number of Lesson 授業実施方法
/How to conduct a Lesson 授業実施時間数
/Class Hours
内容/Contents
授業時間外の学習/Assignments
第１週　DO Week
1 オンデマンド（動画視聴）/On-demand(watching video)
90 分/min
イギリス文学とは何か―歴史性と地域性
予習
第2週
2 面接/Face-to-face
90 分/min
イギリス文学の夜明け―英雄ベーオウルフの世界
予習・復習・教室外読書
第3週
3 面接/Face-to-face
90 分/min
英詩の父チョーサー―カンタベリーへの巡礼
予習・復習・教室外読書
第4週
4 面接/Face-to-face
90 分/min
ロマンス―騎士たちの愛と冒険の物語
予習・復習・教室外読書
第5週
5 面接/Face-to-face
90 分/min
モアとその周辺―ヒューマ二ズムの息吹
予習・復習・教室外読書
第6週
6 面接/Face-to-face
90 分/min
花ひらく詩人たち―大陸ルネサンスの受容
予習・復習・教室外読書
第7週
7 面接/Face-to-face
90 分/min
演劇の発展―中世演劇から大学出の才人へ
予習・復習・教室外読書
第8週
8 面接/Face-to-face
90 分/min
シェイクスピア登場―躍動するエリザベス朝演劇（喜劇を中心に）
予習・復習・教室外読書
第9週
9 面接/Face-to-face
90 分/min
シェイクスピア登場―躍動するエリザベス朝演劇（悲劇を中心に）
予習・復習・教室外読書
第10週
10 面接/Face-to-face
90 分/min
ジャコビアン・ドラマティスト―ルネサンス演劇の光と影
予習・復習・教室外読書
第11週
11 面接/Face-to-face
90 分/min
形而上詩人と王党派詩人―ルネサンスの様式化
予習・復習・教室外読書
第12週
12 面接/Face-to-face
90 分/min
ピューリタン革命期の文学―楽園への回帰（導入）
予習・復習・教室外読書
第13週
13 面接/Face-to-face
90 分/min
ピューリタン革命期の文学―楽園への回帰（展開）
予習・復習・教室外読書
第14週
14 面接/Face-to-face
90 分/min
王政復古期の文学―近代世俗文化の模索
予習・復習および試験準備
授業期間終了後/After the Class Period
15 オンデマンド（動画視聴）/On-demand(watching video)
90 分/min
英文学史とは何か―世界の中のイギリス文学
復習および試験準備",この講義では、イギリス文学の歴史を学びます。具体的には、アングロ・サクソン時代からノルマン征服、中英語時代、ルネサンス文学、そして初期近代市民社会の文学までをカバーします。主要作家としては、チョーサー、シェイクスピア、ミルトンなどが含まれます。これにより、英語の歴史性や文化的背景を理解し、イギリス文学に対する幅広い関心を育成します。授業では、英語原文での読解練習も行います。,"- イギリス文学
- 英雄ベーオウルフ
- チョーサー
- カンタベリー
- ロマンス
- トマス・モア
- ルネサンス
- 中世演劇
- シェイクスピア
- エリザベス朝演劇
- ジャコビアン・ドラマティスト
- 形而上詩人
- 王党派詩人
- ピューリタン革命
- 王政復古期の文学","# 講義名
△英文学史Ⅰ(5世紀から17世紀まで)
History of English Literature I (From the Fifth Century to the Seventeenth Century)

# 概要
この講義では、イギリス文学の歴史を学びます。具体的には、アングロ・サクソン時代からノルマン征服、中英語時代、ルネサンス文学、そして初期近代市民社会の文学までをカバーします。主要作家としては、チョーサー、シェイクスピア、ミルトンなどが含まれます。これにより、英語の歴史性や文化的背景を理解し、イギリス文学に対する幅広い関心を育成します。授業では、英語原文での読解練習も行います。

# 授業題材
- イギリス文学
- 英雄ベーオウルフ
- チョーサー
- カンタベリー
- ロマンス
- トマス・モア
- ルネサンス
- 中世演劇
- シェイクスピア
- エリザベス朝演劇
- ジャコビアン・ドラマティスト
- 形而上詩人
- 王党派詩人
- ピューリタン革命
- 王政復古期の文学"
10210823000,"○英文学史Ⅱ(18世紀から現代まで)
History of English Literature II (From the Eighteenth Century to the Present)",https://syllabus.doshisha.ac.jp/html/2024/0210/10210823000.html,"イギリス文学の歴史を学びます。イギリス文学あるいはアメリカ文学を深く研究するための必須の基礎知識であることは言うまでもありませんが，英語学・英語教育の専門的な研究を行うための教養ともなるでしょう。
このクラスにおいては，１８世紀の新古典主義および感受性の時代から，１９世紀のロマン主義およびヴィクトリア朝時代を経て，２０世紀のモダニズムおよびポストモダニズムまでのイギリス文学を扱います。講義をとおして，イギリス文学の主要作家や作品について理解することは言うに及ばず，その時代区分やジャンルおよび日本文学への影響等に関する学問的基礎知識を習得しながら ，英語という言語の歴史性と地域性や文化的背景についても学びつつ，イギリス文学に対する幅広い関心を育成することがこのクラスの目的です。授業と並行して，主体的な読書活動を行なうことが求められます。また，毎回，講義の中で取り上げる作品の一節を随時プリントで配布して，文学作品において使用されている様々な表現について，英語原文で理解する練習も行います。
なお，このクラスは，英文学科学生共通の教養を育成する必修科目として位置づけられており，教職課程の中一種免および高一種免（英語）の教科に関する選択必修科目になっています。教職免許取得が目的で，このクラスを受講する学生は，来年度春学期に開講される「英文学史I」も必ず合わせて履修してください。",['圓月\u3000勝博'],"(金曜日1講時)
面接/Face-to-face","10210823 
○英文学史Ⅱ (18世紀から現代まで)
History of English Literature II -From the Eighteenth Century to the Present-
2単位/Unit  春学期/Spring  今出川/Imadegawa  講義/Lecture","実施時期
/Week 授業回/Number of Lesson 授業実施方法
/How to conduct a Lesson 授業実施時間数
/Class Hours
内容/Contents
授業時間外の学習/Assignments
第１週　DO Week
1 オンデマンド（動画視聴）/On-demand(watching video)
90 分/min
イギリス文学とは何か―歴史性と地域性
予習
第2週
2 面接/Face-to-face
90 分/min
新古典主義，感受性，想像力―自然のなかの秩序と反秩序
予習・復習・教室外読書
第3週
3 面接/Face-to-face
90 分/min
ジョンソン博士の時代―小宇宙（ミクロコスモス）ロンドン
予習・復習・教室外読書
第4週
4 面接/Face-to-face
90 分/min
小説の誕生―「教えかつ楽しませる」
予習・復習・教室外読書
第5週
5 面接/Face-to-face
90 分/min
小説の効用―笑いから涙へ，涙から恐怖へ
予習・復習・教室外読書
第6週
6 面接/Face-to-face
90 分/min
道徳主義と演劇―感傷喜劇流行への反撥
予習・復習・教室外読書
第7週
7 面接/Face-to-face
90 分/min
ロマン主義の誕生―自然と超自然
予習・復習・教室外読書
第8週
8 面接/Face-to-face
90 分/min
ロマン主義の第二世代―美と自由の探求
予習・復習・教室外読書
第9週
9 面接/Face-to-face
90 分/min
小説の時代―現実世界の描写
予習・復習・教室外読書
第10週
10 面接/Face-to-face
90 分/min
ヴィクトリア朝世界の終焉と新しい小説―大衆文化の哀楽と悲観主義
予習・復習・教室外読書
第11週
11 面接/Face-to-face
90 分/min
ヴィクトリア朝の散文と詩の世界―「過渡期」の時代の文学
予習・復習・教室外読書
第12週
12 面接/Face-to-face
90 分/min
現代詩―モダニズムの変貌
予習・復習・教室外読書
第13週
13 面接/Face-to-face
90 分/min
現代小説―「歴史」をこえて
予習・復習・教室外読書
第14週
14 面接/Face-to-face
90 分/min
現代の演劇―伝統と革新
予習・復習・試験準備
授業期間終了後/After the Class Period
15 オンデマンド（動画視聴）/On-demand(watching video)
90 分/min
英文学史とは何か―世界の中のイギリス文学
復習・試験準備",この講義では、18世紀の新古典主義と感受性の時代から、19世紀のロマン主義とヴィクトリア朝時代、そして20世紀のモダニズムとポストモダニズムまでのイギリス文学を学びます。主要作家や作品を通じて、時代区分やジャンル、日本文学への影響を理解し、英語の歴史性と文化的背景についても学びます。主体的な読書活動と英語原文での表現理解の練習も行います。,"- イギリス文学
- 新古典主義
- 感受性
- 想像力
- ジョンソン博士
- 小説の誕生
- 道徳主義
- 感傷喜劇
- ロマン主義
- ロマン主義の第二世代
- ヴィクトリア朝
- 現代詩
- モダニズム
- 現代小説
- 現代の演劇
- 英文学史","# 講義名
○英文学史Ⅱ(18世紀から現代まで)
History of English Literature II (From the Eighteenth Century to the Present)

# 概要
この講義では、18世紀の新古典主義と感受性の時代から、19世紀のロマン主義とヴィクトリア朝時代、そして20世紀のモダニズムとポストモダニズムまでのイギリス文学を学びます。主要作家や作品を通じて、時代区分やジャンル、日本文学への影響を理解し、英語の歴史性と文化的背景についても学びます。主体的な読書活動と英語原文での表現理解の練習も行います。

# 授業題材
- イギリス文学
- 新古典主義
- 感受性
- 想像力
- ジョンソン博士
- 小説の誕生
- 道徳主義
- 感傷喜劇
- ロマン主義
- ロマン主義の第二世代
- ヴィクトリア朝
- 現代詩
- モダニズム
- 現代小説
- 現代の演劇
- 英文学史"
